박영선,69,1814514,PRC_V1B2W0Z1E0M9V1F8L1A7V2X4T7E4F2,공직선거법 일부개정법률안,계류,2012-01-09,"","","■ 제안이유 
  최근 BBK 의혹을 제기한 정봉주 전 의원이 유죄판결을 받은 사건을 계기로 공직선거법상의 허위사실 공표죄의 구성요건에 대한 재검토가 이루어져야 한다는 사회적 비판이 제기되고 있음.
공직선거에 있어서 후보자가 공직을 담당할 적격자인지 검증하기 위한 선거운동의 자유가 보장되어야 하고, 선거 운동의 자유는 언론의 자유 내지 표현의 자유가 기초되어야 함. 선거는 진실의 추구가 중요하기 때문에 증거가 충분하지 않더라도 의혹제기를 할 수 있어야 하고, 의혹을 쉽게 해명할 수 있는 사람이 해명을 통하여 검증이 철저히 이루어지도록 하여 유권자가 올바른 선택을 할 수 있도록 하여야 함.
  그런데 우리 대법원은 “허위사실공표죄 등이 성립하기 위하여는 검사가 공표된 사실이 허위라는 점을 적극적으로 증명할 것이 필요하고, 공표한 사실이 진실이라는 증명이 없다는 것만으로는 허위사실공표죄가 성립할 수 없다”고 판시하면서도, “위 증명책임을 다하였는지 여부를 결정함에 있어서는, (중략) ... 의혹을 받을 일을 한 사실이 없다고 주장하는 사람에 대하여 의혹을 받을 사실이 존재한다고 적극적으로 주장하는 자는 그러한 사실의 존재를 수긍할 만한 소명자료를 제시할 부담을 진다고 할 것이며, 검사는 제시된 그 자료의 신빙성을 탄핵하는 방법으로 허위성의 입증을 할 수 있다고 할 것인데, 이 때 제시하여야 할 소명자료는 위의 법리에 비추어 단순히 소문을 제시하는 것만으로는 부족하고 적어도 허위성에 관한 검사의 입증활동이 현실적으로 가능할 정도의 구체성은 갖추어야 할 것이며, 이러한 소명자료의 제시가 없거나 제시된 소명자료의 신빙성이 탄핵된 때에는 허위사실 공표로서의 책임을 져야 한다”고 판시함으로써 사실상 “허위”에 대한 입증책임을 의혹제기를 한 진술자에게 전환시킨 것임.
  정봉주 전 의원 사건의 경우에도 정 전 의원이 제시한 소명자료의 신빙성이 검사에 의해 탄핵되었다고 판단하고, 그렇기 때문에 정 전 의원이 제기한 BBK의혹이 허위임이 증명되었고 정 전의원이 진실이라고 믿을 만한 상당한 이유가 있는 근거에 기초하여 이루어진 것으로 볼 수 없다는 논리 비약적인 결론에 이르렀다고 보여짐. 즉 ‘허위’라는 입증을 검사가 직접적으로 하지 아니하였음에도 유죄 판결을 선고함으로써 향후 허위사실공표죄를 수사하는 검사는 의혹제기자의 근거가 충분한지 여부만 조사하면 되고 정작 ‘허위인지 여부’는 조사하지 않아도 되어 실체적 진실을 밝힐 필요가 없어짐. 공직에 입후보한 자에 대한 검증을 위한 진실 공방을 유권자들은 정작 선거과정에서 제기할 수 없게 됨. 입후보자들이 주장하면 그저 진실이라고 믿고 선택을 하라는 것인데, ‘확실한 증거가 없으면 입을 다물라’는 것은 인류 역사의 사상·문화의 발전을 포기하라는 것임은 물론 모든 권력비리에 관해 침묵하라는 것과 같음.  
  이에 개정안은 허위 사실 공표죄가 성립하기 위해서는 “허위의 사실임을 알고도 후보자를 비방할 목적이 있어야 한다”는 요건을 명시하여 허위의 사실뿐만 아니라 진술자가 허위라고 인식하고 있었는지에 대한 입증책임이 검사에게 있음을 명확히 하고, 특히 공직선거에 있어서 공직자 검증의 중요성을 고려하여 “비방의 목적”을 구성요건에 추가하며, 허위 사실 공표 행위가 진실한 사실이라고 믿을 만한 상당한 이유가 있고 공공의 이익을 주된 목적으로 하거나 공공성 또는 사회성이 있는 공적 관심사안에 관한 것으로써 사회의 여론형성 내지 공개토론에 기여하는 경우에는 처벌하지 못하도록 함으로써 헌법에서 규정하고 있는 선거의 공정성 내지 선거운동의 자유, 표현의 자유 내지 언론의 자유 및 국민의 알권리를 실질적으로 보장하고, 개인의 명예 또는 사생활 보호와도 균형을 도모하고자 함. 
  특히, 우리 「형법」 제1조제3항은 재판 확정 후 법률의 변경에 의하여 그 행위가 범죄를 구성하지 아니하는 때에는 형의 집행을 면제한다고 규정하고 있는데, 이는 직접 위헌판결을 받지 아니하였다 하더라도 국민의 기본권을 제약하는 법률을 입법자가 개정을 한 경우 그 개정 이전에 확정 판결을 받은 자를 구제함으로써 국민의 기본권을 보호하기 위한 규정인 바, 선거운동의 자유 내지 양심·표현의 자유, 국민의 알권리 등 국민의 기본권을 부당하게 제약할 우려가 있는 동법 개정의 취지에 부합하도록 이 법 개정 전에 확정판결을 받은 자에 대하여는 형의 집행이 면제됨을 부칙 경과규정에 명확히 규정함.  
■ 주요내용 
  가. 허위경력 등 공표죄와 허위 사실 공표죄의 구성요건에 허위임을 알고도 후보자를 비방할 목적이 있어야 한다는 요건을 추가함(안 제250조제1항·제2항).
나. 허위경력 등 공표 행위와 허위 사실 공표 행위가 진실한 사실이라고 믿을 만한 상당한 이유가 있고 공공의 이익을 주된 목적으로 하거나 그 행위가 공공성 또는 사회성이 있는 공적 관심사안에 관한 것으로써 사회의 여론형성 내지 공개토론에 기여하는 경우에는 처벌하지 아니함(안 제250조제4항).","김동철,김학재,박영선,박우순,박주선,백원우,신건",정치개혁특별위원회
박영선,69,1814513,PRC_E1V2H0N1Z0X9T1I8J1N2M4W6J0M6A3,형법 일부개정법률안,계류,2012-01-09,"","","■ 제안이유 
헌법이 규정하고 있는 언론·출판의 자유가 보장되기 위해서는 ‘타인이 듣기 좋은 말을 할 자유’만을 보호하는 것이 아니라 ‘타인이 듣기 싫어하는 말도 할 수 있는 자유’를 보장하는 것이 핵심이라고 할 수 있음. 진실이 누군가에게 불리하거나 불편하다고 하여 그 사실의 공개를 금지함으로써 법이 보호하고자 하는 가치가 무엇인지 명확하지 않을 뿐만 아니라, 민주주의의 근간을 이루는 언론출판의 자유 및 알권리 보다 더 보호가치가 있는 것인지 의문임. 
또한, 형사상 명예훼손은 정치적으로 악용되는 사례가 많고, 권력자에 대한 비판이 사라지면 그 사회는 더 부패한다는 부패와 언론의 자유가 반비례 관계에 있음은 매년 국제기구들의 조사에서 재확인되고 있는 바, 부패를 방지하고 사회의 투명성 제고를 위해서도 최소한 진실과 허위의 진실을 구분하지 않고 명예훼손 행위를 형사 처벌하는 우리 형법은 개정되어야 함.
우선 우리 형법은 사실을 적시한 경우에도 명예훼손죄를 적용하고 있는 바, 오염된 과자, 비위생적 급식을 하는 학교, 환자를 학대하는 병원, 의뢰인을 속이는 변호사, 뇌물을 주고받은 지방자치단체 정치인들 등에 대한 익명보도가 나올 때마다 국민들은 해당 업체, 기관, 사람의 실명을 몰라 국민들은 계속 피해를 보고, 같은 업종에 종사하는 선량한 업체나 기관, 특정 인물이 억울하게 피해를 보거나 의심을 받아야 함. 
이에 사실을 적시한 경우의 명예훼손죄를 삭제함으로써 가처분 또는 민사 손해배상 책임은 별론으로 하더라도 형사처벌은 받지 않도록 함으로써 헌법 제21조가 보호하는 언론·출판의 자유를 실질적으로 보호하고자 함. 
  다음으로, 우리 형법은 허위의 사실을 적시한 경우에도 명예훼손죄를 적용하되, 「형법」 제310조는 “제307조 제1항(사실적시 명예훼손)의 행위가 진실한 사실로서 오로지 공공의 이익에 관한 때에는 처벌하지 아니한다”고 규정하고 있음.
  이와 관련한 대법원 판례는 허위사실 및 허위사실의 인식에 대한 입증책임이 검사에게 있다고 판시하면서도, 구체적 사건의 결론에 있어서는 진실인지 입증하지 못한 경우 제대로 된 근거를 가지고 있었다고 보기 힘들다는 판결을 하는 경우가 종종 있음. 그러나 예를 들면 안기부 X파일 검사가 실제로 떡값을 받았는지, 언론사 사장이 성상납을 받았는지, 미국산 쇠고기의 광우병 감염 가능성이 얼마나 높은지 등등 과학적으로 현실적으로 확인이 불가능한 명제도 많은데, ‘확실한 증거가 없으면 입을 다물라’는 것은 인류 역사의 사상·문화의 발전을 포기하라는 것임은 물론 모든 권력비리에 관해 침묵하라는 것과 같음.    또한, 위와 같이 위법성 조각사유를 포괄적으로 규정하고 있어 법적용에 있어 일관성이 없고, 판례는 진실성의 증명과 공공의 이익이라는 위법성의 조각 요건을 엄격하게 요구하고 이에 대한 입증책임을 행위자에게 부과하는 등 위 규정에 따라 처벌하지 아니하는 경우는 몇 건에 불과하여 언론의 자유 또는 표현의 자유를 위축시켜 왔다는 비판이 제기되어 왔음
  이에 허위 사실에 관한 명예훼손죄가 성립하기 위해서는 ‘허위의 사실임을 알고 해악을 끼칠 의도’가 있어야 한다는 요건을 명시하여 허위의 사실뿐만 아니라 진술자가 허위라고 인식하고 있었는지에 대한 입증책임이 검사에게 있음을 명확히 하고, 위법성 조각사유를 구체적으로 명시함으로써 헌법상 보장된 표현의 자유 내지 언론의 자유 및 국민의 알권리를 실질적으로 보장하고, 개인의 명예 또는 사생활 보호와도 균형을 도모하고자 함. 
마지막으로, 검찰이 자의적으로 수사를 착수하는 등 정치적으로 악용되지 않도록 고소가 있어야 공소를 제기할 수 있도록 친고죄로 개정함. 
■ 주요내용 
  가. 사실에 관한 명예훼손죄를 처벌하는 규정을 삭제하고, 허위의 사실에 관한 명예훼손죄의 구성요건에 허위의 사실임을 알아야 한다는 요건을 추가함(안 제307조).
나. 사자에 대한 명예훼손죄의 구성요건에 허위의 사실임을 알아야 한다는 요건을 추가함(안 제308조).
다. 출판물등에 의한 경우에도 사실에 관한 명예훼손죄를 처벌하는 규정은 삭제하고, 허위 사실에 관한 명예훼손죄의 구성요건에 허위의 사실임을 알고 있어야 함을 명시함(안 제309조).
라. 명예훼손의 행위가 진실한 사실이라고 믿을 만한 상당한 이유가 있고 공공의 이익을 주된 목적으로 하거나 상대방이 공직자 또는 공인인 때 또는 그 행위가 공공성 또는 사회성이 있는 공적 관심사안에 관한 것으로써 사회의 여론형성 내지 공개토론에 기여하는 경우에는 처벌하지 아니함(안 제310조).
마. 명예훼손의 죄는 고소가 있어야 공소를 제기할 수 있음(안 제312조).","김동철,김학재,박영선,박우순,박주선,백원우,신건",법제사법위원회
박영선,69,1814510,PRC_D1W2C0J1Z0J9U1C7Q4U7U1O6C6N7M3,정보통신망 이용촉진 및 정보보호 등에 관한 법률 일부개정법률안,계류,2012-01-09,"","","제안이유
  인터넷은 최근 급속도로 성장하는 SNS 문화를 비롯하여 사회 구성원들 간의 다양하고 자유로운 의사소통의 장으로서의 기능이 확대되고 있는 바, 인터넷에서의 언론의 자유 또는 표현의 자유의 보장의 필요성은 더욱 커지고 있음.
  헌법이 규정하고 있는 언론·출판의 자유가 보장되기 위해서는 ‘타인이 듣기 좋은 말을 할 자유’만을 보호하는 것이 아니라 ‘타인이 듣기 싫어하는 말도 할 수 있는 자유’를 보장하는 것이 핵심이라고 할 수 있음. 진실이 누군가에게 불리하거나 불편하다고 하여 그 사실의 공개를 금지함으로써 법이 보호하고자 하는 가치가 무엇인지 명확하지 않을 뿐만 아니라, 민주주의의 근간을 이루는 언론출판의 자유 및 알권리 보다 더 보호가치가 있는 것인지 의문임.
  또한, 형사상 명예훼손은 정치적으로 악용되는 사례가 많고, 권력자에 대한 비판이 사라지면 그 사회는 더 부패한다는 부패와 언론의 자유가 반비례 관계에 있음은 매년 국제기구들의 조사에서 재확인되고 있는 바, 부패를 방지하고 사회의 투명성 제고를 위해서도 최소한 진실과 허위의 진실을 구분하지 않고 명예훼손 행위를 형사 처벌하는 현행법은 개정되어야 함.
  우선 현행법은 사실을 적시한 경우에도 명예훼손죄를 적용하고 있는 바, 오염된 과자, 비위생적 급식을 하는 학교, 환자를 학대하는 병원, 의뢰인을 속이는 변호사, 뇌물을 주고받은 지방자치단체 정치인들 등에 대한 익명보도가 나올 때마다 국민들은 해당 업체, 기관, 사람의 실명을 몰라 국민들은 계속 피해를 보고, 같은 업종에 종사하는 선량한 업체나 기관, 특정 인물이 억울하게 피해를 보거나 의심을 받아야 함.
  이에 사실을 적시한 경우의 명예훼손죄를 삭제함으로써 가처분 또는 민사 손해배상 책임은 별론으로 하더라도 형사처벌은 받지 않도록 함으로써 헌법 제21조가 보호하는 언론·출판의 자유를 실질적으로 보호하고자 함.
  다음으로, 현행법은 허위의 사실을 적시한 경우에도 명예훼손죄를 적용하면서 형법 제310조와 같이 처벌을 완화하는 규정조차 없음. 
  이와 관련한 대법원 판례는 허위사실 및 허위사실의 인식에 대한 입증책임이 검사에게 있다고 판시하면서도, 구체적 사건의 결론에 있어서는 진실인지 입증하지 못한 경우 제대로 된 근거를 가지고 있었다고 보기 힘들다는 판결을 하는 경우가 종종 있음. 그러나 예를 들면 안기부 X파일 검사가 실제로 떡값을 받았는지, 언론사 사장이 성상납을 받았는지, 미국산 쇠고기의 광우병 감염 가능성이 얼마나 높은지 등등 과학적으로 현실적으로 확인이 불가능한 명제도 많은데, ‘확실한 증거가 없으면 입을 다물라’는 것은 인류 역사의 사상·문화의 발전을 포기하라는 것임은 물론 모든 권력비리에 관해 침묵하라는 것과 같음.  
  이에 허위 사실에 관한 명예훼손죄가 성립하기 위해서는 ‘허위의 사실임을 알고’ 있어야 한다는 요건을 명시하여 허위의 사실뿐만 아니라 진술자가 허위라고 인식하고 있었는지에 대한 입증책임이 검사에게 있음을 명확히 하고, 명예훼손의 행위가 진실한 사실이라고 믿을 만한 상당한 이유가 있고 공공의 이익을 주된 목적으로 하거나 상대방이 공직자 또는 공인인 때 또는 그 행위가 공공성 또는 사회성이 있는 공적 관심사안에 관한 것으로써 사회의 여론형성 내지 공개토론에 기여하는 경우에는 처벌하지 아니함으로써 헌법상 보장된 표현의 자유 내지 언론의 자유 및 국민의 알권리를 실질적으로 보장하고, 개인의 명예 또는 사생활 보호와도 균형을 도모하고자 함.
  마지막으로, 검찰이 자의적으로 수사를 착수하는 등 정치적으로 악용되지 않도록 고소가 있어야 공소를 제기할 수 있도록 친고죄로 개정함. 
주요내용
  가. 사실에 관한 명예훼손죄를 처벌하는 규정을 삭제하고, 허위의 사실에 관한 명예훼손죄의 구성요건에 거짓임을 알고 있어야 함을 명시함(안 제70조제1항).
  나. 명예훼손의 죄는 고소가 있어야 공소를 제기할 수 있음(안 제70조제2항).
  다. 명예훼손의 행위가 진실한 사실이라고 믿을 만한 상당한 이유가 있고 공공의 이익을 주된 목적으로 하거나 상대방이 공직자 또는 공인인 때 또는 그 행위가 공공성 또는 사회성이 있는 공적 관심사안에 관한 것으로써 사회의 여론형성 및 공개토론에 기여하는 경우에는 처벌하지 아니함(안 제70조제3항).","김동철,김학재,박영선,박우순,박주선,백원우,신건",문화체육관광방송통신위원회
박영선,69,1814223,PRC_J1R1U1N2K2W0U1M7Z3A9Z2Y3S1Q2A3,공직선거법 일부개정법률안,계류,2011-12-20,"","","제안이유
 정당 중심의 기존 공천제도 대신에 국민들이 직접 국회의원 예비후보를 선출하도록 하여 공천권을 국민에게 돌려주는 국민공천 예비선거제도를 도입하고자 함.
 국민공천 예비선거제도는 다수의 후보자가 제한없이 참여하며 이 중에서 다수 득표를 한 2인을 최종 후보자로 결정하는 것임. 이 들 두 명을 대상으로 최종선거를 실시하여 국회의원을 선출하는 제도로 미국 일부 주에서 실시하고 있음. 당원뿐만 아니라 일반 유권자까지 후보 선출 과정에 참여시킴으로써 정당의 선거 경쟁력을 높이는 효과와 반복되는 정당의 해체와 창당을 방지하여 불필요한 정국 혼란과 이로 인한 낭비를 방지하는 효과가 기대됨.
주요내용
  가. 지역구 국회의원선거에 있어 공직선거의 선거권자에게 선거권을 부여하여 실시하는 경선(예비선거)에서 선출된 사람에 한하여 후보자로 등록할 수 있게 함(안 제48조의2제1항).
  나. 예비선거의 선거사무는 선거관리위원회가 함(안 제48조의2제2항) 
  다. 예비선거일은 선거일전 30일 이후 첫 번째 토요일로 함.(안 제48조의2제3항)
  라. 예비선거인명부는 구ㆍ시ㆍ군의 장이 예비선거의 선거일 전 10일 현재 관할 구역에 주민등록 또는 국내거소신고가 되어 있는 선거권자를 읍ㆍ면ㆍ동별로 조사하여 작성한 다음 관할 구ㆍ시ㆍ군선거관리위원회에 송부하도록 하고, 중앙선거관리위원회는 선거인명부를 전자파일형태로 전국단위로 통합ㆍ작성하도록 함(안 제48조의2제4항).
  마. 예비선거의 후보자로 등록하고자 하는 사람은 예비선거일 전 15일부터 2일간 매일 오전 9시부터 오후 6시까지 선거구관리위원회에 서면으로 등록을 신청하도록 함.(안 제48조의2제5항)
  바. 예비선거의 선거운동은 예비선거의 후보자등록마감일의 다음날부터 예비선거의 선거일 전일까지 제57조의3에 따른 방법으로 할 수 있도록 하고, 다만 같은 조 제1항제2호에 따른 경선홍보물은 후보자가 매세대에 발송할 수 있도록 함.(안 제48조의2제6항)
  사. 예비선거의 투표 및 개표는 다음 각 호에 따르되, 그 밖의 투표 및 개표에 관한 사항은 그 성질에 반하지 아니하는 범위에서 제10장·제11장의 규정(해당 규정에 대한 벌칙이 있는 경우 그 벌칙규정을 포함한다)을 준용하도록 함.(안 제48조의2제7항)
  사. 투표소는 읍·면·동마다 1개소를 설치하며, 제148조·제149조·제149조의2에 따른 부재자투표소와 기표소는 설치하지 아니함(안 제48조의2제7항제1호)
  아. 투표용지 게재순위는 제150조의 규정을 준용하며, 하나의 정당소속 후보자가 2명 이상인 때의 게재순위는  추첨하여 결정하고, “1-가, 1-나, 1-다” 등으로 표시함.(안 제48조의2제7항제2호)
  자. 투표소는 오전 6시에 열어 오후 5시에 닫으며, 선거인은 자신이 투표하기 편리한 어느 하나의 투표소에 가서 투표할 수 있도록 함(안 제48조의2제7항제3호)
  차. 중앙선거관리위원회는 같은 사람이 2회 이상 투표를 할 수 없도록 하는데 필요한 기술적 조치를 해야 함(안 제48조의2제7항제4호)
  카. 투표 및 개표참관인은 후보자마다 2명으로 함(안 제48조의2제7항제5호)
  타. 중앙선거관리위원회는 선거구별로 개표결과를 집계하여 해당 선거구선거관리위원회에 통지하도록 함(안 제48조의2제7항제6호)
  하. 선거구선거관리위원회는 유효투표의 다수를 얻는 자 순으로 2명을 후보자로 등록할 수 있는 자로 결정하되, 유효투표수가 같아 그 인원이 2명을 초과하게 되는 때에는 해당 후보자를 모두 후보자로 등록할 수 있는 자로 결정하도록 함(안 제48조의2제8항)
  거. 예비선거의 관리에 필요한 구체적인 절차 그 밖에 필요한 사항은 중앙선거관리위원회규칙으로 정하도록 함(안 제48조의2제9항)","강기정,강봉균,강창일,김동철,김부겸,김성곤,김성순",정치개혁특별위원회
박영선,69,1813492,PRC_K1F1G1Y0S1R8S1H1N0J6H0R7E3C0K4,국외약탈문화재환수특별위원회 구성결의안,계류,2011-10-18,"","","","강기정,김부겸,김상희,문학진,문희상,박선숙,박선영",국회운영위원회
박영선,69,1813491,PRC_Q1F1B1M0T1A8M1Q0J5C6D0P3B8H8X6,자본시장과 금융투자업에 관한 법률 일부개정법률안,계류,2011-10-18,"","","제안이유 및 주요내용
  최근 금융투자업에 종사하는 임직원이 금융투자 정보의 접근 및 분석에 있어서 일반투자자 보다 우월한 점을 이용하여 선행매매 등 불공정한 거래행위를 함으로써 선량한 일반투자자들의 피해가 크게 증가하고 있음.
  이에 금융투자업자의 임직원이 금융투자상품을 매매하는 경우 연간 매매 횟수 및 금액을 제한하여 금융투자업자 임직원의 불공정거래행위와 도덕적 해이를 방지함으로써 건전한 금융거래질서를 확립하려는 것임(안 제63조제1항제4호 신설).","권선택,김학재,문학진,박기춘,박영선,박우순,신건",정무위원회
박영선,69,1813294,PRC_U1B1T0R9S2P9M1I8B1E8S1D0N2H6D2,영유아보육법 일부개정법률안,계류,2011-09-29,"","","■ 제안이유 
  2011년도 1/4분기를 기준으로 40개의 국가산업단지가 조성되어 4만2천여 기업의 91만여 근로자가 국가산업단지에서 근무하고 있으나, 산업단지관리공단이 보유한 국가산업단지 어린이집 설치 현황에 따르면 관내 어린이집 수가 18개소에 불과하여 산업단지에 근무하는 근로자 에 대한 보육지원 기반이 매우 취약한 실정임.
  산업단지에 입주한 기업은 대부분 중소기업으로 이들은 직장어린이집 설치 의무사업장은 아니지만, 이들 기업에 근무하는 근로자는 더욱 높은 보육수요를 지니고 있음. 그러나, 소규모 사업장의 경우 직장어린이집을 단독으로 설치·운영하는데 어려움이 있으며, 공동 직장어린이집을 설치하고자 하여도 같은 뜻을 지닌 기업체와의 정보 교류가 어렵고, 산업단지라는 입지의 특이성으로 일반 어린이집의 진입 또한 어려워서 산업단지 내 높은 보육수요에 비하여 어린이집은 매우 부족함. 
  이에 산업단지 내 소규모사업장의 사업주로부터 어린이집 설치 요청이 있는 경우 산업단지의 관리권자는 산업단지어린이집을 설치·운영하거나 지역의 어린이집과 위탁계약을 맺도록 하는 등 산업단지 근로자의 보육을 지원함으로써 중소기업 근로자가 일과 보육을 양립할 수 있는 환경을 조성하려는 것임. 
■ 주요내용 
  가. 지방보육정보센터는 관할 지역의 사업장의 사업주가 근로자를 위하여 다른 사업장의 사업주와 공동으로 직장어린이집을 설치·운영하려는 경우 필요한 정보를 수집·제공할 수 있도록 함(안 제7조제2항 신설).
  나. 「산업집적활성화 및 공장설립에 관한 법률」 제2조제16호의 관리권자가 산업단지 내 소규모사업장의 근로자를 위하여 설치·운영하는 어린이집을 ‘산업단지어린이집’으로 하고, 이를 어린이집의 종류에 추가함(안 제10조제6호 신설).
  다. 국공립어린이집 우선설치 지역으로 「산업입지 및 개발에 관한 법률」 제2조제5호에 따른 산업단지로서 대통령령으로 정하는 일정 규모 이상의 산업단지 지역을 추가함.
  라. 산업단지에 입주한 사업장으로서 대통령령으로 정하는 소규모사업장의 사업주는 산업단지관리권자에게 산업단지어린이집을 설치·운영할 것을 요청할 수 있도록 하고, 이 경우 산업단지관리권자는 산업단지어린이집을 설치·운영하거나 지역의 어린이집과 위탁계약을 맺어 근로자 자녀의 보육을 지원하도록 함(안 제14조의2제1항 신설). 
  마. 시장·군수·구청장은 산업단지어린이집에 대하여 어린이집의 설치기준 및 놀이터 설치 기준을 적용하기 어렵다고 인정하는 경우에는 그 기준을 완화하여 적용할 수 있도록 함(안 제14조의2제2항 신설).","권선택,김학재,문학진,박기춘,박영선,박우순,신건",보건복지위원회
박영선,69,1812762,PRC_F1W1G0P8C0B1Q1E0A2K5Z1W8L8F2K9,학교급식법 일부개정법률안,계류,2011-08-01,"","","","김동철,박영선,박우순,박주선,신건,양승조,유선호",교육과학기술위원회
박영선,69,1812628,PRC_Z1J1L0A7S1M4S1X7C0P7R4G0T1V4Q3,금융위원회의 설치 등에 관한 법률 일부개정법률안,계류,2011-07-14,"","","제안이유
현행법은 금융위원회 위원은 ‘자기와 직접 이해관계가 있는 사항’에 대하여 심의·의결할 수 없도록 하고 있음. 
그런데 지난 4월 금융위원회는 미국계 사모펀드인 론스타의 외환은행 대주주 ‘정기 적격성’에 문제가 없다고 결론 내렸으나 이후 문제가 제기되자 론스타의 대주주 자격에 대한 심사를 미루고 있는 가운데, 론스타의 외한은행 헐값매각이 이루어지던 시기에 론스타의 법률대리인을 맡았던 법무법인에 재직하였던 자가 금융위원회 심의 위원으로 참가하여 공정성에 논란이 제기된 바 있음. 
감독기관인 금융위원회는 대립되는 이해관계를 수반하는 경우 특정인 또는 당사자에게 편파적인 권한 행사를 하여서는 아니되며 공정성에 대한 의심을 받을 수 있는 외관조차도 만들어서는 안 됨. 
이에 개정안은 자기 또는 자기가 소속하였던 법인, 단체, 조합 등이 수행하거나 수행하였던 조사·수사, 심리·심판 또는 법률·세무·회계·금융 등에 관한 자문 등 업무와 관계가 있는 사항을 추가로 명시함으로써 제도적으로 공정하고 투명한 절차를 확립하려는 것임.
또한, 최근 저축은행 비리 사건 및 퇴출저지 의혹 등과 관련하여 감독기관인 금융당국의 유착관계와 권한 남용 나아가 범죄행위까지 밝혀짐에 따라 국민적 신뢰가 실추됨.
개정안은 국회 소관 상임위원회가 요구할 경우 금융위원회는 의결서 및 익명으로 처리된 의사록 전문을 비공개로 제출하도록 함으로써 공정한 금융거래질서를 확립하여야 할 감독기관의 공정성을 제고하도록 함. 다만, 익명으로 처리된 의사록 전문의 경우에는 해당 금융위원회 회의 개최 후 4년이 경과한 다음에 하도록 함으로써 업무수행에 지장을 초래하지 아니하도록 함. 같은 취지에서 금융통화위원회 의결서 등을 공개하도록 하는 한국은행법 개정안이 지난 6월 30일 법제사법위원회에서 의결되었음.
주요내용
  가. 금융위원회 회의에서 위원이 심의·의결에서 제척되는 사유에 자기 또는 자기가 소속하였던 법인, 단체, 조합 등이 수행하거나 수행하였던 조사·수사, 심리·심판 또는 법률·세무·회계·금융 등에 관한 자문 등 업무와 관계가 있는 사항을 추가함(안 제12조제4항제4호 신설).
  나. 금융위원회는 국회 소관 상임위원회가 요구할 경우 금융위원회 의결서 및 익명으로 처리된 금융위원회 의사록 전문을 비공개로 제출하도록 하되, 다만, 익명으로 처리된 금융위원회 의사록 전문의 경우에는 해당 금융위원회 회의 개최 후 4년이 경과한 경우에 한함(안 제12조제3항 신설).","권선택,김동철,문학진,박기춘,박선숙,박영선,박우순",정무위원회
박영선,69,1812627,PRC_G1O1W0M7M1D4J1E7N0E5H3Z6K0X4V8,주택임대차보호법 일부개정법률안,계류,2011-07-14,"","","제안이유
최근 통계청에 따르면 지난 6월 전국의 평균 월세가격은 작년 동월 대비 2.8% 상승, 지난 1996년 이후 15년만에 최고치를 기록함.  또 6월 전세가격 상승률은 4.6%를 기록하여 2003년 이후 가장 높은 상승률을 기록하는 등 올해 들어 매월 전월세 가격 상승률은 그 폭이 커지고 있음. 여기에 높은 물가상승률로 인하여 실제 소득까지 감소하고 있어 서민들의 주거불안을 심화시키고 있음.
개정안은 확정일자 부여 사무를 행하는 자에게 차임에 관한 정보를 관리하도록 하고, 임차인 등은 차임 등의 정보를 요청할 수 있도록 함으로써 전·월세값에 대한 객관적인 정보의 수집·관리와 전월세값 공시를 통한 합리적인 임대차제도 구축 및 전월세값 안정에 기여하고자 함. 
주요내용
  가. 확정일자 부여 사무를 행하는 읍사무소, 면사무소, 동 주민센터 또는 시(특별시ㆍ광역시는 제외하고, 특별자치도는 포함한다. 이하 같다)ㆍ군ㆍ구(자치구를 말한다. 이하 같다)의 출장소, 공증인법에 의한 공증인 또는 법원서기에게 해당 주택소재지, 확정일자 부여일 및 차임 등에 관한 확정일자부를 작성할 의무를 부여함. 이 경우 전산처리정보조직을 이용할 수 있도록 함(제3조의2제7항 신설).
  나. 임차인 또는 임차를 하려는 사람은 해당 주택에 확정일자를 부여한 자에게 확정일자 부여일 및 차임에 관한 정보를 제공하여 줄 것을 요청할 수 있음(제3조의2제8항 신설).","권선택,김동철,문학진,박기춘,박선숙,박영선,박우순",법제사법위원회
박영선,69,1812307,PRC_P1G1S0G6X2X2Z1L3Z2B5A1X3U9V7K3,특별수사청 설치 및 운영에 관한 법률안,계류,2011-06-22,"","","제안이유
  고위공직자의 직무관련 부정부패를 엄정하게 수사하고 기소할 수 있도록 현재의 검찰청과 별도로 사정기구를 설치하여 견제와 균형이 이루어져야 한다는 국민적인 요구가 높음. 중수부 폐지의 대안으로 특별수사청과 같은 독립기관으로 하여금 실질적인 거악척결을 위한 수사를 하도록 한다면 검찰이 국민적 신뢰를 회복할 수 있을 것임.
이에 사법개혁특별위원회 6인소위 합의사항이었던 특별수사청을 설치해 고위공직자에 대한 부패를 척결할 수 있도록 함. 다만, 특별수사청이 명실상부한 부패 척결을 위한 사정기구가 될 수 있도록 수사대상을 당초 사법개혁특별위원회 6인 소위 합의사항인 판검사에서 국회의원, 장·차관급 공무원, 대통령실·국무총리실·감사원·국가정보원·금융위원회·공정위원회·국세청의 1급이상의 공무원, 금융감독원의 원장·부원장·부원장보 및 감사, 대통령, 대통령의 배우자, 직계 존·비속 및 형제자매까지 확대함. 다만, 대통령은 내란 또는 외환의 죄를 범한 경우를 제외하고는 재직 중 소추되지 아니함.
또한, 법무부 소속이 아닌 중립적이고 독립적인 사정기구로 특별수사청을 설치하고자 함.
주요내용
  가. 고위공직자 등의 범죄행위 등에 관한 직무를 독립하여 수행하기 위하여 특별수사청을 설치함(안 제1조 및 제3조).
  나. 특별수사청에는 청장 1인, 차장 1인, 특별검사 10인, 특별수사관 50명을 둠(안 제4조).
  다. 청장은 15년 이상 판사·검사 또는 변호사의 직에 있었던 사람 또는 학식과 덕망을 갖추고 부패방지 관련 분야에 풍부한 경험과 식견을 가진 사람으로서 특별수사청장 추천위원회의 추천을 받은 후보자 중에서 대통령이 임명하며 임기는 5년 단임으로 함(안 제5조 및 제6조).
  라. 차장은 10년 이상 변호사 자격이 있는 자로서 처장의 제청으로 대통령이 임명하며 임기는 2년으로 함(안 제7조).
  마. 특별검사는 5년 이상 변호사 자격이 있는 자로서 검사의 직무를 할 수 있도록 함(안 제8조).
  바. 청장, 차장 또는 특별검사 또는 특별수사관은 파면 또는 퇴직 후 3년 이내에 검사, 법무부 장관 및 차관, 대통령실 수석비서관 이상 공무원으로 임용될 수 없도록 함(안 제12조).
  사. 특별수사청은 고위공직자의 범죄 및 관련 범죄에 대한 수사 및 공소 제기와 유지의 직무를 수행하며, 특별수사청의 직무와 중복되는 다른 기관의 직무는 특별수사청으로 이관하도록 함(안 제13조).
  아. 청장은 국회에 출석하여 위원회의 소관 사무에 관하여 의견을 진술할 수 있고, 국회의 요구가 있을 때에는 출석하여 보고하거나 답변하도록 함(안 제22조).","강기정,김동철,김학재,박영선,박우순,박은수,신건",사법제도개혁특별위원회
박영선,69,1810322,PRC_Y1A0D1J2D1G5C1M5S4N2U3M0X5L1G9,형사소송법 일부개정법률안,계류,2010-12-15,"","","제안이유
  확정된 형사재판기록은 민사, 행정, 가사 등 다른 확정된 재판기록과는 달리 형의 집행 등을 위하여 기록을 모두 검찰청으로 이관되고 법원은 별도로 보관하고 있지 아니함. 이에 따라 확정된 형사재판기록의 경우에는 법원이 아닌 검찰청에 열람·등사 청구를 함에 따라 그 판단주체에 따라 사실상 그 열람·등사의 범위가 달라지는 문제점이 있고 실무상 검찰청의 경우 열람·등사 제한을 더 엄격하게 판단하고 있어 사건관계인 등의 열람·등사 청구권이 보장되지 못하는 경우가 많음.
  최근에도 주주대표소송과 관련하여 형사사건 기록이 회사의 피해를 입증할 수 있는 유력한 증거로 보고 확정된 형사재판기록이 있는 검찰청에 기록 송부를 요청했지만, 법원의 기록송부촉탁결정에도 불구하고 검찰청이 거부함에 따라 손해 입증에 어려움을 겪는 사례가 발생하여 논란이 된 바 있음. 이와 같이 형의 집행을 기화로 기록을 확보하고 있는 검찰청의 자의적 판단에 따라 그 범위가 달라지는 것은 열람·등사 청구권을 인정한 취지에 반하고 형사재판기록의 청구인들을 불합리하게 차별하는 결과가 발생함.
  이에 확정된 형사재판기록의 열람·등사 청구의 대상을 검찰청뿐만 아니라 법원도 추가함으로써 열람·등사 청구권을 실질적으로 보장하고자 함. 이에 따라 법원은 확정된 형사재판기록을 형집행을 위하여 검찰청에 기록을 송부하는 것과 별도로 열람·등사 청구 절차에 응하기 위하여 기록 보관을 할 의무가 발생함.
  또한 법원은 사건관계인의 명예나 사생활 보호, 영업비밀 침해 우려가 있는 경우 등 열람·등사를 제한할 수 있는 바 독립적인 제한사유로 열거되어 있는 당해 소송관계인이 동의하지 아니하는 경우를 삭제함으로써 실질적인 증거개시가 이루어지도록 함.
주요내용
  가. 확정된 형사재판기록의 열람·등사 청구의 대상을 검찰청 또는 법원으로 함(안 제59조의2).
  나. 확정된 형사재판기록의 열람·등사 제한사유 중 소송기록의 공개에 대하여 당해 소송관계인이 동의하지 아니하는 경우를 삭제함(안 제59조의2제2항제7호 삭제).","권선택,김동철,문학진,박영선,박우순,박은수,우윤근",법제사법위원회
박영선,69,1810153,PRC_K1U0T1P2B0J6D1Z7R1C2M4O4J4N1S5,상법 일부개정법률안,계류,2010-12-06,"","","제안이유
  한국경제의 주요 산업들이 성숙단계에 진입함에 따라 기업들은 재투자를 통한 유기적 성장 보다는 기존회사를 취득하는 기업결합(M▒A)을 전략적으로 중요하게 고려하고 있고, 특히 유가증권 매입을 통한 기업인수는 합병처럼 단일 법인화 하는 어려움을 피하면서도 다른 회사의 지배권을 효과적으로 획득하는 수단이므로 기업들이 선호하고 있음.
현행 「상법」상 중요한 자산의 처분 및 양도는 이사회 결의사항으로 규정되어 있고, 중요한 자산의 양수의 경우에는 별도의 규정은 없음. 
그러나 이러한 대규모 유가증권의 매입은 막대한 인수비용으로 인해 인수회사의 현금흐름 및 재무적 안정성에 중요한 영향을 미치는 거래이므로 신중하게 결정되어야 함. 
이른바 ‘승자의 저주’(winner's curse)라는 표현이 상징하듯이, 대규모 인수합병을 성사시킨 후 오히려 부실기업으로 전락하는 경우도 적지 않음. 2008년 말 글로벌 금융위기 이후 중소기업뿐만 아니라 대기업(집단) 중에서도 부실 심화로 구조조정의 고통을 겪고 있는 사례가 많이 나타나고 있는데, 이들 중 상당수는 최근 무리한 인수합병을 통해 외형확장 전략을 추구했던 기업들로 알려지고 있음.
이처럼 무리한 인수합병을 추진한 기업이 대내외적 경제 환경의 변화에 따라 재무상황이 악화되는 경우 기업결합을 통한 시너지 효과를 얻기는 커녕 오히려 해당 기업은 물론 그 기업이 소속된 그룹, 나아가 국민경제 전체의 불안정성 문제를 야기함. 그 결과 해당 기업(집단)의 주주, 채권자, 노동자, 하도급기업, 지역주민 등 수많은 이해관계자들이 직접적인 피해를 입게 됨은 물론, 해당 기업을 구조 조정하는 과정에서 관치금융에 의한 구제금융의 제공 등 경제 질서의 선진화를 방해하는 구태가 반복되기도 함.
또한, 현행 「상법」상 영업의 전부 또는 중요한 일부 양도, 영업의 전부 또는 회사의 영업에 중대한 영향을 미치는 다른 회사의 영업 일부의 양수의 경우 주주총회 특별결의에 의해 결정하도록 되어 있는 바, 대규모 주식 양도ㆍ양수를 통해 영업을 실질적으로 양도ㆍ양수하게 되는 경우에는 사실상 차이가 없다고 볼 수 있을 것임. 
따라서 이러한 대규모 유가증권 인수를 통한 기업결합 결정은 회사에 커다란 위험을 초래할 가능성이 있으므로 매우 신중하게 이뤄져야 할 필요가 있으므로, 자기자본의 50% 이상에 해당하는 자산의 양도ㆍ양수의 경우 그 수익 전망 및 위험에 대한 정보를 해당 상장회사의 모든 주주가 공유하고 신중하게 결정할 수 있도록 이를 주주총회 특별결의 사항으로 하고자 함.
다만, 회사의 영업에 중요한 영향을 미치지 아니한다는 사외이사 전원의 찬성을 포함한 이사회 결의가 있는 경우에는 적용하지 아니할 수 있도록 예외조항을 둠으로써 불필요하게 절차가 지연되지 않도록 함.
주요내용
대통령령으로 정하는 규모 이상의 상장기업이 자기 계산으로 직전 사업연도말 대차대조표상의 자기자본(납입자본금이 자기자본보다 큰 경우에는 납입자본금을 말한다)의 100분의 50 이상에 해당하는 자산을 양도ㆍ양수하는 경우 제374조 및 제374조의2를 적용하되, 동일 종류의 주식 또는 주식 이외의 자산을 동일한 상대방과 양도ㆍ양수하는 경우에는 과거 1년 이내의 거래금액을 합산함. 다만, 회사의 영업에 중요한 영향을 미치지 아니한다는 사외이사 전원의 찬성을 포함한 이사회 결의가 있는 경우에는 적용하지 아니함(상법 제542조의13 신설).","권선택,김동철,문학진,박영선,박우순,박은수,양승조",법제사법위원회
박영선,69,1810152,PRC_O1N0B1Z2A0B6K1F7W0A8T1Z8W0U2G4,채무자 회생 및 파산에 관한 법률 일부개정법률안,계류,2010-12-06,"","","제안이유
  전세난이 확산되어 주거안전이 위협받고 있는 상황에서 정부는 금융규제를 풀어 빚을 내서 집을 사거나 전세자금에 충당하라는 미봉책만 내놓아 가계 빚이 다음 금융위기의 폭탄이 될 수도 있다는 우려도 제기되고 있는 실정임. 
  가계신용의 위기는 전국가적인 금융위기로 확대될 수 있는 만큼 파산상태에 처한 가계를 제대로 관리할 수 있도록 개인회생절차를 개선할 필요가 있음.
  현행법은 개인이 파산신청을 한 후 파산선고가 지연되는 과정에서 채무자가 채권자들의 가압류, 강제집행 등에 무방비로 노출됨으로써 파산절차의 안정성을 해하고 있음. 또한 기업의 경우에는 회생절차에 들어가더라도 기업의 재산에 대한 담보권을 회생담보권으로 취급하여 별제권을 인정하지 않는 반면, 개인회생절차의 경우에는 개인채무자의 재산에 대한 담보권을 별제권으로 인정하여 개인회생절차 외에서 강제집행할 수 있게 함으로써 주택담보부 채무를 부담하는 개인채무자의 경제적 회생을 어렵게 하고 있음.
  따라서 파산신청 후 파산 선고 시까지 법원이 가압류, 강제집행 등의 중지명령을 할 수 있도록 하여 채무자를 보호하고 파산절차의 안정을 꾀하며, 회생에 성공할 가능성이 있는 채무자가 주거의 안정을 유지하면서 채무를 변제할 수 있도록 변제계획에 주택담보채권의 변제에 관한 내용이 있는 경우 그 주택담보 채권자에 대하여는 별제권에 관한 규정의 준용을 배제하고자 함. 
주요내용
  가. 변제계획에서 주택담보채권의 변제에 대한 사항을 정하는 경우에 개인회생절차를 이용할 수 있는 채무자의 채무 한도를 평가하는 방법을 명확히 하고, 주택담보채권자는 금융기관 등으로 한정하며, 특례가 적용되는 주택 및 그 대지의 뜻과 주택담보채권의 종류 등을 명확히 규정함(안 제579조).
  나. 변제계획에 주택담보채권의 변제에 관한 내용이 있는 경우 그 주택담보채권자에 대하여는 별제권에 관한 규정의 준용을 배제하고, 제425조 및 제426조의 규정을 준용하지 아니하며, 채권이 확정된 경우 담보권의 목적을 개인회생채권자표에 작성함(안 제581조, 제586조 및 제603조).
  다. 금융기관등이 아닌 보증인에 대해서는 주택담보채권에 기한 강제집행 등을 중지 또는 금지할 수 있도록 하고, 개인회생절차의 개시가 있으면 강제집행 등이 자동적으로 중지되도록 하며, 주택담보채권에 관한 변제계획이 인가되면 일정기간 동안 보증인에 대하여 강제집행 등을 할 수 없도록 하고, 주택담보채권에 대한 권리변경의 효력은 보증인에게도 미치도록 함(안 제593조제1항제6호, 제600조제2항, 제615조제6항 및 제627조의2제3항).
  라. 회생절차에서와 같이 채무자는 변제계획의 인가 전이라도 주택담보채권의 일부를 미리 변제하는 것이 합리적인 변제계획을 마련하는데 도움이 될 경우 등에는 법원의 허가를 얻어 채무의 전부 또는 일부를 변제할 수 있도록 함(안 제582조 및 제600조의2).
  마. 채무자의 주택 등에 별제권이 있는 담보권 등이 있으면 채무자가 주택을 계속 보유하는 것은 사실상 기대하기 어려우므로 이러한 경우에는 변제계획에 주택담보채권의 변제에 관한 사항을 정할 수 없도록 하고, 변제계획의 인가결정일을 기준으로 하여 주택담보채권에 대한 총 변제액은 주택담보채권의 원금과 그 때까지의 이자 및 손해배상 등의 합계액 이상이 되도록 하며 나아가 주택담보채권에 대한 변제기간 동안 수령하는 가용소득 중 무담보채권의 변제에 사용되는 부분을 제외한 나머지 전액은 주택담보채권의 변제에 사용하도록 하고, 주택담보채권에 대한 변제기간은 무담보채권의 변제기간의 만료일 또는 주택담보채권에 관한 약정에 따른 최종만기일 중 뒤에 오는 날로부터 10년을 초과할 수 없도록 함. 주택담보채권에 관한 변제계획은 위와 같은 요건을 모두 충족해야만 하므로 주택담보채권자에 대해서는 개인회생채권자집회에서의 이의권을 인정하지 않되 인가요건의 존부에 대해서는 의견을 진술할 수 있도록 함(안 제611조의2제1항, 제611조의2제2항, 제611조의2제3항 및 제613조제6항).
  바. 변제계획이 인가결정에 의하여 효력을 발생하면 일정기간 동안 주택 등에 대한 담보권 실행절차는 중지 또는 금지되고, 주택담보채권의 보증인 등에 대한 강제집행 절차 등도 중지 또는 금지되며, 변제계획의 인가결정에 따라 중지된 절차는 주택담보채권에 대한 권리변경이 있으면 그 효력을 모두 상실하도록 함(안 제615조).
  사. 무담보채권에 대해서는 무담보채권에 대한 변제기간 동안 변제계획에 따른 변제가 완료되면 무담보채권에 대하여는 면책의 결정을 하여 무담보채권에 대한 나머지 책임을 면하도록 함. 주택담보채권에 대하여는 무담보채권에 대한 면책결정이 확정된 때 변제계획에서 정한 내용대로 권리가 변경되도록 하고, 주택담보채권의 권리변경의 효력은 보증인에게도 미치도록 하며 그 시점에 개인회생절차는 당연히 종결되도록 하되, 면책결정이 취소되는 경우에는 권리변경의 효력이 소급하여 소멸되도록 함(안 제624조, 제625조 및 제627조의2).","권선택,김동철,문학진,박영선,박우순,박은수,우윤근",법제사법위원회
박영선,69,1810151,PRC_V1R0M1O2P0Y6T1A7W0Q8J2F0L2A4T8,형사소송법 일부개정법률안,계류,2010-12-06,"","","제안이유
  최근 전국청원경찰친목협의회의 후원금 수사와 관련된 국회의원 후원회 사무실 등에 대한 압수·수색영장의 집행과정에서 원본을 제시하지 않고 검사가 임의로 작성한 등본을 제시하거나 한 통의 영장으로 여러 장소에 대하여 동시에 집행을 실시한 것 등과 관련하여 적법절차 위배 논란이 제기되고 있음.
  「대한민국헌법」 제12조는 적법절차 원칙 및 영장주의 원칙을 천명하고 있는 바, “체포·구속·압수 또는 수색을 할 때에는 ‘적법한 절차’에 따라 검사의 신청에 의하여 법관이 발부한 영장을 제시하여야 한다.”고 명시하고 있음. 또한 「형사소송법」 제219조, 제118조, 「형사소송규칙」 제59조, 제48조에 따르면 검사의 지휘에 의하여 압수수색 영장을 집행하는 경우 법원은 검사에게 원본을 송부하도록 하고 있고, 영장 집행 시 반드시 영장을 제시하도록 규정하고 있으며, 「형사소송규칙」 제93조 및 제107조는 압수수색 영장에 관하여 수통의 발부에 관하여 규정함으로써 동시에 여러 장소를 집행하는 경우도 예정하고 있음. 그럼에도 청목회 수사의 경우 한통의 영장만 청구한 후 검사가 임의로 작성한 등본에 의한 집행을 하였고 나아가 법적 근거 없는 등본에 의한 집행이 관행적으로 종종 이루어지고 있음도 밝혀져 적법절차 논란이 제기되었는 바, 원본에 의한 집행 및 수통의 발부 규정을 법률에 명확히 함으로써 강제수사에 있어 헌법상의 적법절차 원칙 및 영장주의 원칙이 구현되도록 함.
  한편, 체포·구속영장의 경우 대법원규칙에 따라 영장교부를 청구할 수 있으나 압수수색의 경우에는 명시적 규정이 없어 적법한 집행인지 여부를 알 수 없음. 이에 압수수색 영장의 교부청구권 흠결에 관한 법적 공백을 없애고, 압수수색 영장은 물론 체포·구속영장 교부청구권에 관하여 법률에 명확히 규정함으로써 법적 근거를 명확히 하여 강제수사에 있어 피의자 등의 방어권이 적절히 보장하고자 함.
주요내용
  가. 법원 또는 수사기관의 구속영장, 체포영장 및 압수수색 영장을 집행함에는 피고인에게 반드시 영장 원본을 제시해야 함을 법률에 명확히 규정함(안 제85조제1항 및 제118조).
  나. 압수수색 영장의 경우 수통의 작성근거 및 현행범인체포서 작성의무를 규정함(안 제213조의2).
  다. 체포영장, 구속영장, 압수수색 영장이 발부되거나 긴급체포서, 현행범인체포서가 작성된 경우 피의자, 피고인, 그 변호인, 제28조에 따른 특별대리인, 법정대리인, 배우자, 직계친족, 형제자매나 동거인 또는 고용주는 구속영장을 발부한 법원 또는 구속영장과 그 청구서, 체포서를 보관하고 있는 검사, 사법경찰관에게 그 등본의 교부를 청구할 수 있도록 함(안 제85조의2 신설, 제200조의6, 제213조의2 및 제219조).","권선택,김동철,문학진,박영선,박우순,박은수,우윤근",법제사법위원회
박영선,69,1809343,PRC_F1K0S0L9I1I4X1T4G0M3S4Z1B0G3Z0,상가건물 임대차보호법 일부개정법률안,계류,2010-09-14,"","","제안이유
  본법은 부동산 업자나 임대인들로부터 영세임차인들의 권리를 보호하고 과도한 임대료 인상을 막기 위해 제정되었음. 
  그럼에도 이 법의 적용범위가 비현실적으로 낮게 책정되어 있는 일정한 보증금액 이하의 임대차에만 적용되고 있어 상가분쟁이 많은 도심·부심권의 상가임대차계약의 대부분은 보호를 받지 못하고 있음. 상가건물임차인은 여전히 생계수단인 사업을 접고 빚더미에 앉는 등 피해를 호소하고 있는 실정임. 
  상가건물 임대차보호법의 적용범위를 보증금액 기준으로 제한하고 있는 입법례를 세계적으로도 찾아볼 수 없고, 현재 시행령에서 정한 보증금액의 범위가 분쟁이 많은 도심·부도심의 경우에는 전혀 적용될 수 없을 만큼 현실성이 떨어지고, 급속한 부동산가격 상승 등으로 법령이 경제상황의 변화를 ？아가지 못하는 실정임. 심지어 보증금과 월세를 올려 동 법의 적용을 탈피하기 위한 부작용도 발생하고 있음. 또한, 적용범위가 수시로 변동되거나 보증금과 월세의 상승으로 인하여 상가건물 임대차보호법이 적용되는 시점과 적용되지 않는 시점이 혼재하는 등 법적안정성에도 혼란이 있음.
  이에 본법이 실질적으로 상가건물임차인의 보호를 위하여 적용되도록 현실성이 떨어지는 보증금액 기준으로 적용범위를 제한할 것이 아니라, 임차인이 사행사업과 유흥주점 등 사회적 보호의 필요성이 낮거나 임차인이 대기업, 국가나 지방자치단체 등 임대인과 대등한 당사자의 입장에서 계약을 체결할 능력이 있는 경우만을 적용범위에서 제외함으로써 본법이 실질적으로 상가건물 임차인 보호법으로서 역할을 할 수 있도록 하기 위함. 영국 등 유럽국가의 경우에도 도박·주류판매업 등으로 사회적 보호의 필요성이 낮거나 국가나 지방자치단체 등 임대인과 대등한 당사자의 입장에서 계약을 체결할 능력이 있는 경우만 적용범위를 제한하고 있음. 
주요내용
  이 법의 적용범위를 임차인이 국가 또는 지방자치단체인 경우, 임차인이 「대·중소기업 상생협력 촉진에 관한 법률」 제2조제2호의 대기업인 경우, 임차인이 「사행행위 등 규제 및 처벌특례법」 제2조에서 규정하고 있는 사행행위영업을 영위하는 자인 경우, 임차인이？「식품위생법」 제36조제1항제3호의 식품접객업 중 시행령 제21조제8호라목의 ？유흥주점영업을 영위하는 자인 경우, 기타 임차인이 제3호, 제4호의 영업과 동일 유사한 영업으로서 대통령령에 의하여 이 법에 의한 임차인 보호가 부적합하다고 판단되는 영업을 영위하는 자인 경우를 제외하고는 모든 상가의 임대차에 대하여 적용하도록 함(제2조제1항 단서).","박영선,박우순,박은수,박지원,변재일,신건,이춘석",법제사법위원회
박영선,69,1809342,PRC_Q1O0R0M9L1D4O1W4L0N2X2E8F5F8D9,주택임대차보호법 일부개정법률안,계류,2010-09-14,"","","제안이유
  집 없는 서민들은 전세난 확산과 전셋값 폭등을 걱정하는 것이 일상이 되고 있음. 정부는 2009년 8월 24일 전월세 부담 완화를 위해 전세자금 대출을 확대하고 도시형생활주택 등 서민주택을 확충하는 방안을 발표하였지만, 서울 수도권 전역에서의 과속 동시다발 개발로 인한 대규모 주택 멸실과 그로 인한 이주 수요의 폭증 문제에 대한 대책이 전혀 없어 여론의 집중적인 비판을 받았음. 매매 주택 위주의 보금자리 주택여서 전세난 해소에는 거의 효과가 없고 오히려 사전예약 자격 유지하려고 하기 때문에 전세금 상승요인이 되고 있음.
이에 4년의 범위내에서 임차인의 계약갱신청구권을 보장함으로써 주기적으로 발생하는 전세난을 완화하는데 기여하고자 함. 
한편, 임대인의 재산권이 중대하게 침해되지 아니하도록 임차인이 2기 이상의 차임을 연체하거나, 임대인의 동의 없이 임차주택의 전부 또는 일부를 전대(轉貸)한 경우, 기타 임차인이 임차인으로서의 의무를 현저히 위반하거나 임대차를 계속하기 어려운 중대한 사유가 있는 경우 등 예외사유를 규정하였음.
주요내용
  가. 임차인이 최초로 계약갱신을 요구할 경우 임대인은 이를 거절하지 못하도록 함(안 제6조제2항 신설).
  나. 임대인의 권리 보호를 위하여 임차인이 2기(基)의 차임액을 연체하는 등 정당한 사유가 인정될 경우 임대인이 임차인의 계약갱신 요구에 응하지 않을 수 있도록 함(안 제6조제2항 및 제4항).
  다. 제6조제1항에 따라 임대인과 임차인 사이에 묵시적으로 계약이 갱신되거나, 안 제6조제2항에 따라 임차인이 요구하여 계약이 갱신되는 경우 임차인이 임대인에게 계약갱신을 증명하는 서류에 기명 및 서명날인을 요구하면, 임대인은 이에 응하도록 함(안 제6조제5항 신설).","박영선,박우순,박은수,박지원,변재일,신건,이춘석",법제사법위원회
박영선,69,1808624,PRC_K1K0C0D6H1A7M1Y5Z4P0O1N0H2E8K4,사법정보등 공개에 관한 특례법안,계류,2010-06-17,"","","제안이유
  우리 헌법은 “재판의 심리와 판결은 공개한다.”(제109조)고 규정하여 재판 공개 원칙을 선언하고 있음. 이는 사법 정보에 관하여 국민의 알 권리를 보장함과 동시에 투명한 사법권행사를 통하여 국민의 신뢰를 고양한다는 의미를 가지고 있음.
  그러나 모든 법원의 판결문은 판사와 법원 직원들만 법원 내부 전산망을 통하여, 그리고 전국 모든 검찰청의 결정문은 검사와 검찰청 직원들만 검찰청 내부 전산망을 통하여 검색·이용이 가능하도록 하고 있을 뿐 현재 대법원 홈페이지에 공개되는 판결문은 전체 판결문 수의 3～4% 수준에 불과함.
이와 같이 현재 우리나라는 일반에게는 선별된 소수의 판결문만이 공개되고 있고, 전 국민이 인터넷을 통하여 디지털화된 사법 정보에 쉽게 접근할 수 있는 방법은 제한되어 있어 결과적으로 국민의 알 권리를 보장받지 못하고 있다고 할 것임. 
  따라서 헌법재판소와 법원의 판결문은 물론 소장과 답변서, 준사법기관의 결정문 등의 사법정보의 공개를 통하여 판결에 대한 예측가능성을 높이고 사법정보 독점화에 따른 전관예우 폐단을 시정하는 등 사법 불신 해소에 기여함과 동시에 법학자 및 법조인들의 연구와 실무뿐만 아니라 국민들이 법률생활에 도움이 되도록 하고자 하는 것임.
  다만, 프라이버시 보호를 위하여 당사자의 동의 절차와 개인정보 등을 편집하여 공개하도록 하고 일정한 사법정보는 법원의 결정에 의하도록 함.
주요내용
  가. “사법기관 등”이란 법원, 헌법재판소, 검찰청, 군검찰부 및 특허심판원, 조세심판원, 노동위원회, 소청심사위원회, 교원징계재심위원회, 토지수용위원회, 언론중재위원회, 행정심판위원회, 공정거래위원회, 금융위원회, 국민권익위원회, 국가인권위원회, 중앙선거관리위원회 등 국민의 재판을 받을 권리와 직·간접적으로 관련이 있는 합의제 심판기관을 말하고, “사법정보”란 사법기관 등이 직무상 작성 또는 취득하여 관리하고 있는 문서(전자문서를 포함한다. 이하 같다), 도면, 사진, 필름, 영상물, 테이프, 슬라이드 및 그 밖에 이에 준하는 매체 등에 기록된 사항 중에서 법령(훈령·예규 등 내부규칙 포함), 판결, 결정, 재결, 그 밖의 처분과 그에 관련된 정보를 담고 있는 것을 말함(안 제2조제1호 및 제2호).
  나. 사법기관 등이 보유·관리하는 사법정보는 이 법에서 정하는 바에 따라 정보통신망을 이용하여 공개하여야 하되 이 경우 비실명화하도록 함(안 제3조).
  다. 사법기관 등은 사법정보를 이 법에서 정한 공개절차에 따라 정보통신망을 통하여 전자문서 또는 전자화문서로 공개함(안 제4조).
  라. 누구든지 사법기관 등의 정보통신망을 통하여 검색·취득할 수 있는 사법정보는 헌법재판소 결정문, 대법원 및 각급 법원에 보존된 판결문과 결정문, 각급 검찰청 및 군검찰에 보존된 공소장, 불기소처분 결정문, 대법원 및 각급 법원에 재판확정재판기록 및 확정된 결정문 등으로 하고, 그 이외에 사법기관 등에 보존된 사법정보는 비공개사유가 없는 한 누구든지 법원의 결정 또는 당사자의 동의가 있으면 정보통신망의 실명인증절차를 거쳐 제공받을 수 있도록 함(안 제5조).
  마. 사법기관 등은 사법정보의 적절한 보존과 신속한 검색이 이루어지도록 정보관리체계를 정비하고, 정보통신망을 활용한 정보공개시스템 등을 구축하여야 함(안 제6조제1항).
  사. 사법기관 등은 사법정보의 공개에 관하여 대법원규칙, 헌법재판소규칙 및 대통령령으로 정하는 바에 따라 소정의 수수료를 징수할 수 있음(안 제8조).
  아. 사법정보를 관리·보관·제공하는 사무에 종사하고 있거나 종사하였던 사람은 정당한 사유 없이 직무상 알게 된 비밀을 다른 사람에게 누설하여서는 아니 됨(안 제11조).
  자. 사법정보를 위조·변경·훼손·말소한 사람은 10년 이하의 징역에 처하고, 공개가 금지된 사법정보를 공개한 자는 5년 이하의 징역 또는 5천만원 이하의 벌금에 처함(안 제13조제1항 및 제2항).
  차. 사법기관 등은 전년도의 사법정보공개 운영에 관한 보고서를 매년 정기국회 개회 전까지 국회 법제사법위원회에 제출하여야 함(안 제14조).","김동철,박선숙,박영선,박은수,박주선,양승조,유선호",사법제도개혁특별위원회
박영선,69,1808240,PRC_T1U0U0R4C2Y3A1O6Z5W4W3U2Y3D0A2,금융실명거래 및 비밀보장에 관한 법률 일부개정법률안,계류,2010-04-23,"","","제안이유
  현행법은 거래정보 등을 제공한 금융기관에게 통보유예를 한 경우 법적근거, 기간 및 횟수에 관한 기록·관리의무를 부여하고 있지 아니하고, 단순히 명의인에게 통보한 날만 기록·관리하도록 하고 있어 통보를 유예한 경우 그 사유가 종료한 후 통보하였는지 여부를 확인할 수 없음. 또한, 금융위원회는 거래정보 등의 요구 및 제공현황에 관한 통계자료만을 관리하고, 명의인에게 통보를 하거나 통보를 유예한 현황은 파악하고 있지 아니함. 
  이에 개정안은 금융거래정보의 엄격한 관리 및 개인 사생활 보호를 위하여 금융기관은 거래정보 등의 통보유예와 관련한 정보의 기록·관리를 하도록 하고, 금융위원회는 통보 및 통보유예현황에 관한 통계자료를 파악하도록 함.
주요내용
  가. 거래정보 등을 제공하는 금융기관은 명의인에게 통보유예 사유가 종료한 후 명의인에게 통보한 날을 구분하여 기록·관리하도록 하고, 통보유예를 한 날, 법적근거, 기간 및 횟수를 기록·관리사항으로 추가함(안 제4조의3제1항제5호, 같은 항 제6호 및 제7호 신설).
  나. 금융위원회가 파악하여야 하는 통계자료에 명의인에 대한 통보 및 통보유예현황을 추가함(안 제4조의4).","김동철,박선숙,박영선,박주선,박지원,양승조,우윤근",정무위원회
박영선,69,1808236,PRC_W1A0H0J4D2S2E1X6P0W2I5H4U6W1D6,검사징계법 일부개정법률안,계류,2010-04-22,"","","제안이유
  검찰의 수사권 또는 공소권 남용에 대한 견제가 이루어질 수 있도록 징계사유를 구체화하고, 검찰총장의 청구 뿐만 아니라 법무부 감찰위원회의 의결에 의하여도 징계심의가 이루어질 수 있도록 하는 등 법무부 감찰위원회를 강화함. 
주요내용
  가. 검사가 중대한 수사미진, 법리검토 소홀, 합리성 없는 증거로 기소하는 등 공소권을 남용하는 행위를 하였을 때, 고문·가혹행위, 불법체포·감금 또는 압수수색·체포·구속 조사과정에서 적법절차를 위반하는 등 인권침해 행위를 하였을 때 및 정당한 이유 없이 금품·금전상이익·향응 등 경제적 편의를 제공받은 때를 구체적 징계사유로 열거함(안 제2조).
  나. 검사징계위원회를 위원장을 포함한 9명으로 구성하고, 외부인사가 과반수 위촉될 수 있도록 함(안 제4조제2항 및 제5조제2항).
  다. 법무부 감찰위원회의 의결에 의하여서도 징계심의가 개시될 수 있도록 함(안 제7조제1항 및 제2항).
  라. 제7조제1항의 징계청구를 위하여 법무부 감찰관은 검찰청 소속 검사에 대한 비위조사와 수사사무에 대한 감찰을 수행하되, 검찰에서 자체감찰을 개시하지 아니하거나 대상자가 부장검사급 이상이거나 감찰부 소속 직원인 경우 또는 법무부 감찰위원회 의결이 있는 경우 등에 1차적 감찰을 수행할 수 있도록 하고, 그 외의 경우에는 대검찰청 감찰부에 감찰을 요청할 수 있도록 함(안 제7조의2 신설).
참고사항
  이 법률안은 박영선의원이 대표발의한 「정부조직법 일부개정법률안」(의안번호 제8234호)의 의결을 전제로 하는 것이므로 같은 법률안이 의결되지 아니하거나 수정의결 되는 경우에는 이에 맞추어 조정되어야 할 것임.","김동철,박영선,박주선,박지원,양승조,우윤근,이춘석",사법제도개혁특별위원회
박영선,69,1808235,PRC_U1Q0H0N4V2X2O1Q6S0I2H0D3G5M6O6,검찰청법 일부개정법률안,계류,2010-04-22,"","","제안이유
  검찰의 중립성과 독립성을 강화하고, 수사의 공정성을 확보하는 것은 국민의 기본권을 보호하고 법치주의 정착을 위한 시대적 요구인 바, 이를 위해서는 법무부의 문민화 내지 탈검찰화를 통한 법무부와 검찰의 관계의 재정립과 인사제도의 개선이 중요함.
  첫째, 법무부와 검찰의 인적·기능적 중복으로 인하여 업무효율성이 저해되고 상위기관인 법무부가 검찰의 지배를 받는 결과를 낳은 등 법무부와 검찰의 동질화로 인하여 법무부의 적절한 견제와 감독기능을 수행하지 못하고 있으므로 개정안은 현직 검사 및 검찰청 직원이 법무부 직원을 겸임하지 못하도록 함. 아울러 법무부의 탈검찰화와 단기순환 보직제를 벗어나 변호사, 법무행정공무원, 개방직 임용 등으로 전문화된 인력을 운영함으로서 교정·보호, 출입국관리, 인권옹호 등 상대적으로 소홀히 다루어지고 있는 비검찰분야 업무를 강화하고, 중장기적 정책부서로서의 기능을 제대로 수행할 수 있도록 함.
  둘째, 검찰인사제도의 투명성과 독립성 확보를 위하여 법무부장관이 검찰총장을 제청할 때에는 검찰총장후보추천위원회의 추천을 받도록 하고, 인사위원회 위원 중 외부인사가 과반수 이상이 되도록 하는 등 인사절차의 공정성과 투명성이 보장되도록 함.  
  셋째, 검찰총장이 지시하는 사건을 직접 수사할 수 있는 부서를 대검찰청 및 고등검찰청에 둘 수 없도록 함으로써, 중앙수사부와 같이 정치적 영향을 받는 부서를 실질적으로 폐지함.
  넷째, 법무부장관은 공정한 사건평정 기준을 마련하고, 법무부 감찰위원회 심의를 거쳐 평정하도록 하며, 그 평정 결과를 인사에 반영하도록 하는 한편, 현재 검사 등에 고소·고발 또는 진정사건에 관하여 공람조차 하지 않는 등 내부감찰기능이 유명무실화 되어 있으므로 대검찰청 감찰부 담당검사는 반드시 외부공모 절차를 거치도록 하고, 검사 등에 대한 고소·고발 또는 진정사건 등에 관한 현황을 관리하여 국회에 보고할 의무를 부여하는 등 대검찰청 감찰기능을 실질화함. 
주요내용
  가. 대검찰청과 고등검찰청은 범죄수사 이외의 분장사무를 담당하는 부만을 둘 수 있도록 하되, 대검찰청에 감찰부는 반드시 두도록 함(안 제16조제1항 및 제20조제1항).
  나. 각급 검찰청은 검사 등에 대한 고소·고발 또는 진정사건 등을 접수한 경우 대검찰청 감찰부에 서면으로 보고하고, 대검찰청 감찰부는 정당한 사유가 없는 한 조사를 하며, 조사결과 등을 검사와 공무원을 구분하여 기록·관리할 의무가 있고, 대검찰청은 검사 등에 대한 고소·고발 또는 진정사건 및 그 밖의 검찰청 소속 공무원의 비위에 관한 조사 또는 내사사건의 조사·처리에 관한 현황에 관한 통계자료를 파악하여 국회의 요청이 있는 경우 보고하도록 함(안 제16조의2부터 제16조의4까지 신설).
  다. 법무부장관이 검찰총장을 제청할 때에는 검찰총장후보추천위원회의 추천을 받도록 하고, 이를 위하여 법무부에 9인의 위원으로 구성된 검찰총장후보추천위원회를 두고 2배수 이상을 추천하도록 함(안 제27조의2 신설).
  라. 감찰에 관한 사무를 담당하는 대검찰청 직원의 경우에는 내부 공모를 할 수 없고 외부 공모절차만를 거치도록 함(안 제28조의2).
  마. 법무부장관은 공정한 평정기준을 마련하고, 법무부 감찰위원회의 심의를 거쳐 작성된 평정결과보고서를 공개하도록 하며, 평정한 결과를 승진과 보직, 전보 등의 인사관리에 반영하도록 함(안 제34조의2 신설).
  바. 현재 대통령령으로 규정되어 있는 인사위원회 구성ㆍ운영 및 심의사항을 법률의 형태로 격상시키고, 외부인사가 적어도 전체 구성원의 과반수 이상이 되도록 함(안 제35조).
  사. 법무부와 그 소속 기관의 직원으로서 검사로 임명될 자격이 있는 사람은 검사를 겸임할 수 없도록 하고, 법무부 직원과 검찰청 직원을 겸임할 수 없도록 함(안 제44조 및 제51조).
참고사항
  이 법률안은 박영선의원이 대표발의한 「정부조직법 일부개정법률안」(의안번호 제8234호)의 의결을 전제로 하는 것이므로 같은 법률안이 의결되지 아니하거나 수정의결 되는 경우에는 이에 맞추어 조정되어야 할 것임.","김동철,박영선,박주선,박지원,양승조,우윤근,이춘석",사법제도개혁특별위원회
박영선,69,1808234,PRC_D1T0O0O4E2I2R1X5L5C8G2V9W1D9H3,정부조직법 일부개정법률안,계류,2010-04-22,"","","제안이유
  법무부가 21세기 한국사회의 요구에 부응하는 법무행정을 펼칠 수 있도록, 현직 검사가 아닌 법무행정공무원을 선발하여 검찰일반사무를 지휘·감독함으로써 법무부와 검찰청의 관계를 정상화하기 위한 것임. 
주요내용
  가. 법무부와 그 소속 기관의 직원으로서 검사로 임명될 자격이 있는 사람은 검사를 겸임할 수 없도록 「검찰청법」이 개정됨에 따라, 법무부의 보조기관 및 보좌기관은 검사로 보할 수 있다고 한 예외규정을 삭제하는 것임(안 제2조제7항).
  나. 법무부가 실질적 감찰기능을 수행할 수 있도록, 감찰관 및 감찰담당 직원을 외부 공모절차만를 거치도록 하고, 대통령령에 규정된 감찰위원회 설치 근거를 법률에 명확히 규정하면서 반드시 외부위원이 과반수 이상으로 구성되도록 함(안 제27조제4항 및 제5항 신설).","김동철,박영선,박주선,박지원,양승조,우윤근,이춘석",행정안전위원회
박영선,69,1808146,PRC_L1L0Q0M4Z0G9O1W5P0R9Y2A5L3V7U2,형사소송법 일부개정법률안,계류,2010-04-09,"","","제안이유
  현행법은 건강상의 이유 등으로 자유형의 집행을 일시적으로 정지하는 결정은 검사가 소속 검사장의 허가를 얻기만 하면 할 수 있도록 정하고 있음. 형집행정지 결정과정에의 투명성이 보장되지 못해 지나치게 자의적이고, 그 결과가 형평성에 어긋나는 경우가 많다는 지적이 끊임없이 제기되고 있음. 
  이에 형집행정지과정에 대한 절차적 민주성을 확보하기 위하여 법무부장관 소속으로 형집행정지 심사위원회를 설치하도록 하고 집행정지 결정을 함에 있어서는 반드시 위원회 심사를 거치도록 함. 
  위원회의 외부위원이 과반수(5명 이상)가 되도록 하고, 법무부장관은 국회 소관 상임위원회와 대법원장이 각각 추천하는 2명씩을 위원으로 위촉하도록 하며, 1명은 의사의 자격을 가진 위원으로 법무부장관이 위촉하도록 함. 또한 위원회 활동 공개와 관련하여 위원의 명단과 경력사항 및 위원회의 심의서는 즉시 공개하고, 회의록은 3년이 경과한 때부터 공개하도록 함으로써 심사 과정에 있어 투명성과 공정성을 확보하고, 국민의 대표기관인 국회의 관여를 보장하여 행정부 집행업무에 대한 실질적 견제 장치를 마련하고 나아가 국민의 알권리를 보장하도록 함. 한편, 심의록과 회의록은 개인의 신상을 특정할 수 있는 부분은 삭제하고 공개하도록 하여 개인의 사생활 보호를 도모함.
주요내용
  가. 자유형에 대한 집행정지 결정은 검사가 소속 고등검찰청검사장 또는 지방검찰청검사장의 허가를 얻어 하도록 한 것을 법무부장관 소속의 형집행정지 심사위원회 심사를 거치도록 함(안 제471조제2항).
  나. 형집행정지를 심사하기 위한 형집행정지 심사위원회를 설치하도록 함(안 제471조의2제1항 신설).
  다. 위원회의 외부위원을 “5명 이상”으로 하여 외부위원이 과반수가 되도록 하고, 외부위원에는 대법원장과 국회가 각각 추천하여 법무부장관이 위촉하는 위원이 2명씩 포함하도록 하며, 1명은 의사의 자격을 가진 위원으로 법무부장관이 위촉하도록 함(안 제471조의2제3항 신설).
  라. 공무원이 아닌 위원의 임기는 2년으로 하고, 1회에 한하여 연임할 수 있도록 하며, 형집행정지 심사위원회 위원명단 및 경력사항은 임명 또는 위촉한 즉시, 위원회의 심의서는 형집행정지 결정 등을 행한 즉시, 회의록은 형집행정지 결정 등을 행한 후 3년이 경과한 때부터 공개하도록 함. 다만, 심의서와 회의록 내용 중에서 개인의 신상을 특정할 수 있는 부분은 삭제하고 공개하되, 국민의 알권리 충족 등 필요한 사유가 있는 경우에는 위원회의 의결로 공개할 수 있도록 함(안 제471조의2제4항 및 제5항 신설).","김동철,박영선,박주선,박지원,송영길,양승조,우윤근",사법제도개혁특별위원회
박영선,69,1808131,PRC_C1G0B0U4B0J8G1R7Z5A2Z3X7U2O9C4,형사소송법 일부개정법률안,계류,2010-04-08,"","","제안이유
  인신구속에 대한 남용을 방지하기 위하여, 현행 「형사소송법」상의 구속사유 요건을 “증거를 인멸할 염려나 도망할 염려가 있는 때”에서 “증거인멸이나 도망의 가능성이 현저한 때”로 요건을 강화함. 또한 기소한 피고인에 대하여도 여죄수사 또는 별건 수사의 명분으로 소환을 하는 경우에는 인권침해의 소지가 큰 만큼, 공소를 제기한 이후에 피고인을 소환하는 경우에는 특히, 구속 피고인의 경우에도 피고인의 동의를 받도록 하고, 동의를 받지 못한 경우에는 법원의 영장에 의하여 소환을 하도록 함.
  현행 「형사소송법」 체포영장의 발부요건 중 하나로 “제200조의 규정에 의한 출석요구에 응하지 아니하거나 출석요구에 응하지 아니할 우려가 있는 때”를 규정하고 있는데, 이는 신체의 자유 제한은 단기간이든 장기간이든 범죄혐의의 상당성 요건 외에 증거인멸 또는 도주우려가 있는 경우에 한하여 이루어져야 함에도 ‘출석요구 불응여부’를 체포영장의 발부요건으로 하는 것은 합리적이지 않고, 수사기관 또한 체포영장 제도를 활용하기 보다는 법원의 영장발부가 필요없는 긴급체포를 남용하고 있음. 따라서 체포영장의 요건에서 출석요구 불응여부 요건을 삭제하고, “증거인멸 또는 도주우려가 있는 경우”를 추가함.
  한편, 긴급체포의 경우에는 반드시 체포한 때부터 6시간 이내에 사후 체포영장을 청구하도록 하고, 체포영장이 기각되거나 체포영장이 발부되더라도 현행 「형사소송법」 규정대로 체포한 때로부터 48시간 이내 구속영장을 청구하지 아니하는 경우에는 석방하도록 함으로써 긴급체포가 남용되지 않도록 함.
  무분별한 압수수색(금융계좌추적을 위한 압수수색을 포함함)을 방지하기 위하여 현행 「형사소송법」상 압수수색 요건을 “범죄수사에 필요한 때”에서 “피고인이 죄를 범하였다고 의심할 만한 상당한 이유가 있고 피고사건과 관계가 있다고 인정할 수 있는 것에 한하여”로 영장 발부 요건을 강화하고, 압수수색에 대하여도 적부심사청구를 할 수 있도록 함.
-  -
주요내용
  가. 구속의 사유를 범죄혐의의 상당성 외에 증거인멸이나 도망의 가능성이 현저한때로 함(안 제70조제1항제2호 및 제3호). 
  나. 공소를 제기한 이후 피고인에게 출석을 요구하는 경우에는 피고인의 동의를 받도록 하고, 동의를 받지 못한 경우에는 법원의 영장에 의하여 소환을 하도록 함(안 제200조제2항 및 제3항 신설).
  다. 체포영장에 의한 체포의 사유 중 정당한 이유 없이 제200조의 규정에 의한 출석요구에 응하지 아니하거나 응하지 아니할 우려가 없는 때를 삭제하는 대신, 증거를 인멸할 염려가 있거나 도망하거나 도망할 우려가 있는 때로 함(안 제200조의2제1항).
  라. 긴급체포의 경우 반드시 피의자를 체포한 때부터 6시간 이내에 사후 영장을 청구하도록 하고, 체포영장을 발부받지 못한 때에는 피의자를 즉시 석방하고 석방된 피의자는 영장 없이는 동일한 범죄사실에 관하여 체포하지 못하도록 등 긴급체포 제도를 개선함(안 제200조의3제5항부터 제7항까지 신설).
  마. 압수, 수색 및 검증은 피의자가 죄를 범하였다고 의심할 만한 상당한 이유가 있고 피고사건과 관계가 있다고 인정할 수 있는 것에 한하여 이루어지도록 함(안 제106조, 제109조, 제139조 및 제215조).
  바. 압수 또는 수색의 당사자가 된 피의자나 제3자 또는 그 변호인, 법정대리인, 배우자, 직계친족, 형제자매나 가족, 동거인 또는 고용주는 관할 법원에 압수 또는 수색의 적부심사를 청구할 수 있도록 하는 등 압수 또는 수색에 대하여도 피의자 등이 방어권을 행사할 수 있도록 함(안 제215조의2 신설).","김동철,박영선,박주선,박지원,양승조,우윤근,이성남",사법제도개혁특별위원회
박영선,69,1808111,PRC_E1E0M0T4P0A7S1H5Z5N5G0T7V8Z6I6,형사소송법 일부개정법률안,계류,2010-04-07,"","","제안이유
  증거개시가 실질적인 효과를 발휘할 수 있도록 하기 위한 전제로서 수사과정에서 작성된 서류 등을 빠짐없이 목록화할 의무가 있음을 명시함. 검사가 수사기록 등의 목록의 열람을 거부하거나 법원의 기록등의 열람·등사 또는 교부의 결정을 이행하지 아니하는 등 증거개시절차를 위반하는 경우에는 피고인의 방어권에 중대한 침해가 발생하였으므로 공소기각의 판결을 할 수 있으며, 증거개시의 결정을 이행할 때까지 법원은 직권 또는 피고인이나 변호인의 신청에 따라 재판절차를 중지하는 등 증거개시의 실효성을 확보함. 
  또한, 조서 재판의 관행을 개선하여 공판중심주의적 심리절차를 강화하고 피고인의 방어권을 실질적으로 보장하기 위하여 수사기관이 작성한 조서의 증거능력을 엄격히 제한할 필요가 있음. 이를 위하여 사법경찰관뿐만 아니라 검사가 작성한 피의자 신문조서와 참고인 진술조서, 피고인 또는 참고인이 수사기관에서 조사자의 요구에 따라 작성한 진술서 및 그 밖에 피고인의 진술이 기재된 진술서류는 피고인이나 변호인이 그 내용을 인정하거나 동의한 경우에 한하여 증거로 사용할 수 있도록 함. 개정안에 따르면 수사기관이 작성한 조서는 원칙적으로 「형사소송법」 제316조에 따라 피고인의 진술을 기재한 작성자가 법정에서 증언하는 경우 증거능력이 인정될 수 있으므로, 공개된 법정에서의 구두변론과 반대신문권이 구현됨으로써 공판중심주의와 피고인의 방어권을 실질적으로 보장할 수 있게 됨.
  한편, 수사과정의 적정성 확보 및 인권침해 방지를 위하여 수사과정에서의 영상녹화가 선진 각국에서 확대 실시되는 추세에 있고, 외국에서는 법원과 변협 등에서 수사기관에 영상녹화제도의 도입을 촉구하고 있는 실정임을 고려하여, 조사자가 증인으로 나와 피고인의 수사단계에서의 진술내용을 증언하였으나 그 내용의 진위에 다툼이 계속되어 이를 확인할 필요가 있는 때 피고인의 진술이 변호인의 참여하에 이루어지는 등 특히 신빙할 수 있는 상태하에서 행하여졌고, 그 진술의 전과정을 객관적으로 영상녹화한 경우에 한하여 피고인의 수사기관에서의 진술을 내용으로 하는 영상녹화물을 증거로 사용할 수 있도록 함.
주요내용
  가. 수사기관 등은 수사과정에서 작성되거나 취득한 서류 또는 물건에 대한 목록을 빠짐없이 작성하도록 함(안 제198조제3항 신설).
  나. 검사가 피고인 또는 변호인이 서류 등의 목록에 대한 열람·등사를 요청한 때부터 48시간 이내에 응하지 아니하는 때에는 법원은 직권 또는 피고인이나 변호인의 신청에 따라 검사가 서류 등의 목록에 대한 열람·등사를 이행할 때까지 공판절차를 중지할 수 있도록 하고, 공판절차가 중지된 날부터 피고인과 다른 공범자에 대한 공소시효는 진행하도록 함(안 제266조의3제5항).
  다. 검사가 법원의 서류 등 열람·등사 또는 서면의 교부 결정을 이행하지 아니하는 경우에는 법원은 직권 또는 변호인이나 피고인의 신청에 따라 검사가 법원의 위 결정을 이행할 때까지 공판절차를 중지할 수 있도록 하며, 공판절차가 중지된 날부터 피고인과 다른 공범자에 대한 공소시효는 진행하도록 함(안 제266조의4제6항 신설).
  라. 검사 또는 사법경찰관이 피의자의 진술을 기재한 조서와 피의자가 수사과정에서 작성한 진술서는 공판준비 또는 공판기일에 그 피의자였던 피고인이나 변호인이 그 내용을 인정할 때에 한하여 증거로 할 수 있고, 검사 또는 사법경찰관이 피의자 아닌 자의 진술을 기재한 조서와 피의자 아닌 자가 수사과정에서 작성한 진술서는 공판준비 또는 공판기일에 그 피의자였던 피고인이나 변호인이 동의할 때에 한하여 증거로 할 수 있도록 하며, 피고인 또는 피고인이 아닌 자의 자필이거나 그 서명 또는 날인이 있는 진술서 및 피고인 아닌 자의 진술을 기재한 서류로서 그 진술자의 서명 또는 날인이 있는 것 외의 피고인의 진술을 기재한 서류는 피고인이나 변호인이 그 내용을 인정할 때에 한하여 증거로 할 수 있도록 함(안 제312조 및 제313조).
  마. 검사, 사법경찰관 또는 조사에 참여한 자가 공판준비 또는 공판기일에 피고인의 검사 또는 사법경찰관 앞에서의 진술내용에 관하여 진술하였음에도 불구하고, 그 진술의 진위에 관한 다툼이 계속되어 이를 확인할 필요가 있다고 인정되는 때에는 피고인의 검사 또는 사법경찰관 앞에서의 진술이 변호인의 참여하에 이루어지는 등 특히 신빙할 수 있는 상태하에서 행하여졌고, 그 진술의 전과정이 객관적으로 영상녹화된 경우에 한하여 피고인의 검사 또는 사법경찰관 앞에서의 진술을 내용으로 하는 영상녹화물의 전부 또는 일부를 증거로 할 수 있도록 함(안 제316조의2 신설).
  바. 제195조제3항, 제266조의3제5항 및 제266조의4제5항을 위반하는 경우 등 피고인의 방어권에 중대한 침해가 발생한 때 공소기각의 판결을 할 수 있도록 함(안 제327조제7호 신설).","김동철,박영선,박주선,박지원,양승조,우윤근,이성남",사법제도개혁특별위원회
박영선,69,1807981,PRC_U1X0L0B3P2S6Q1H6V0T6Q3W9H3O9R7,형의 집행 및 수용자의 처우에 관한 법률 일부개정법률안,계류,2010-03-26,"","","◎ 제안이유
  현행법은 가석방 심사위원회를 두어 가석방에 대한 적격 여부를 심사하도록 하고 있으나, 가석방 심사위원회의 운영이 폐쇄적이어서 심사가 어떻게 진행되는지 전혀 알 수가 없는 상태임. 그런 폐쇄적 위원회 운영으로 결정과정에서의 투명성이 확보되지 못하고, 결정 결과에 대한 형평성 논란이 무수히 제기되어 왔음. 더구나 가석방으로 풀려난 무기수 출신이 또 다른 범죄를 저지르는 등 가석방 심사위원회가 제대로 기능을 하지 못하고 있다는 사회적 비판이 제고 되고 있음.
  이에 위원회 심사 과정에 대한 절차적 민주성을 확보하기 위하여 위원회의 외부위원이 과반수(5인 이상)가 되도록 하고, 법무부장관은 국회 소관 상임위원회와 대법원장이 각각 추천하는 2인씩을 위원으로 위촉하도록 함. 또한 위원회 활동 공개와 관련하여 위원의 명단과 경력사항 및 위원회의 심의서는 즉시 공개하고, 회의록은 3년이 경과한 때부터 공개하도록 함으로써 가석방 심사 과정에 있어 투명성과 공정성을 확보하고, 국민의 대표기관인 국회의 관여를 보장하여 행정부 집행업무에 대한 실질적 견제 장치를 마련하고 나아가 국민의 알권리를 보장하도록 함. 한편, 심의록과 회의록은 개인의 신상을 특정할 수 있는 부분은 삭제하고 공개하도록 하여 개인의 사생활 보호를 도모함.
◎ 주요내용
  가. 위원회의 외부위원을 “5인 이상”으로 하여 외부위원이 과반수가 되도록 하고, 외부위원에는 국회와 대법원장이 각각 추천하여 법무부장관이 위촉하는 위원이 2인씩 포함하도록 함(안 제120조제2항).
  나. 공무원이 아닌 위원의 임기는 2년으로 하고, 1회에 한하여 연임할 수 있도록 하며, 위원회 위원명단 및 경력사항은 임명 또는 위촉한 즉시, 위원회의 심의서는 가석방 결정 등을 행한 즉시, 회의록은 가석방 결정 등을 행한 후 3년이 경과한 때부터 공개하도록 하되, 다만 심의서와 회의록 내용 중에서 개인의 신상을 특정할 수 있는 부분은 삭제하고 공개하되, 국민의 알권리 충족 등 필요한 사유가 있는 경우에는 위원회의 의결로 공개할 수 있도록 함(안 제120조제3항 및 제4항).","권선택,김동철,김춘진,박영선,박지원,양승조,우윤근",법제사법위원회
박영선,69,1807597,PRC_T1Y0T0P2W1H1B1I4K2X4M3Y6Q6G7X3,사면법 일부개정법률안,계류,2010-02-11,"","","제안이유
  대통령의 사면권은 권력분립 원칙의 예외로서 사법작용의 효력을 제약하는 특수성이 있으나, 대통령이라 할지라도 헌법과 법률로부터 자유로울 수 없음. 따라서 대통령의 사면권은 법치국가적 절차를 통하여 나온 결과가 명백히 정의와 형평에 반하며 별도의 구제수단이 없거나, 국가이익을 위하여 부득이 정당한 법적 판단을 예외적으로 배제할 필요가 있는 경우에 제한적으로 허용함으로써 법치국가적 요청과 양립가능성을 도모할 필요가 있음. 
  이에 개정안은 사면심사위원회의 외부위원이 과반수(5인 이상)가 되도록 하되, 법무부장관은 대법원장과 국회 소관 상임위원회가 각각 추천하는 2인씩을 위원으로 위촉하도록 하고, 또한 사면심사위원회 위원의 명단과 경력사항 및 위원회의 심의서는 즉시 공개하고, 회의록은 3년이 경과한 때부터 공개하도록 함으로써 특별사면 등 행사에 있어 투명성과 공정성을 확보하여 사면심사위원회가 대통령 사면권에 대한 실질적 견제장치가 될 수 있도록 하고 나아가 국민의 알권리를 보장하도록 함. 한편, 심의록과 회의록은 개인의 신상을 특정할 수 있는 부분은 삭제하고 공개하도록 하여 개인의 사생활 보호를 도모함.
  개정안은 최근 법무부의 사면심사위원회의 명단 및 약력 공개거부 사건에서 ‘부당한 외부 여론이나 로비에 영향을 받지 않을 수 있는 객관적이고 공정하면서도 중립적인 위원들로 사면심사위원회를 구성하는 방법으로 해결할 문제일 뿐, 국민적 관심이 큰 특별사면 등에 대한 심사과정이 밀실에서 은밀하게 이루어짐에 따라 위원들로 하여금 심의결과에 대하여 아무런 책임과 부담을 느끼지 않게 함으로써 해결할 문제는 아니다’라고 하면서 공개거부결정을 취소하라고 판시한 대법원 판례의 취지에도 부합하는 것임.
주요내용
  가. 위원회의 외부위원을 “4인 이상”에서 “5인 이상”으로 하여 외부위원이 과반수가 되도록 하고, 외부위원에는 대법원장과 국회 소관 상임위원회가 각각 추천하여 법무부장관이 위촉하는 위원이 2인씩 포함하도록 함(안 제10조의2제3항).
  나. 대통령령에 위임된 심사내용의 공개시기와 공개방법을 법으로 규정하여, 사면심사위원회 위원명단 및 경력사항은 임명 또는 위촉한 즉시, 위원회의 심의서는 특별사면 등을 행한 즉시, 회의록은 특별사면 등을 행한 후 3년이 경과한 때부터 공개하도록 하되, 다만 심의서와 회의록 내용 중에서 개인의 신상을 특정할 수 있는 부분은 삭제하고 공개하되, 국민의 알권리 충족 등 필요한 사유가 있는 경우에는 위원회의 의결로 공개할 수 있도록 함(안 제10조의2제5항).","김우남,김춘진,박선숙,박영선,박지원,송영길,우윤근",법제사법위원회
박영선,69,1806635,PRC_M0X9E1B1P1L9X1X1S1R1H0W5N5V0S2,상법 일부개정법률안,계류,2009-11-19,"","","◎ 제안이유
  현행 「상법」상 주식회사는 이사회 의사록을 작성하여야 하며, 의사록에는 안건과 경과 요령, 결과, 반대하는 자와 반대이유 등이 기재되어야 함. 또한, 회사의 주주는 누구나 이사회 의사록의 열람 및 등사를 청구할 수 있음.
  그러나 의사록만으로는 각 이사가 안건에 찬성 혹은 반대한 이유가 무엇인지, 찬반의사를 정하기 전에 충분한 검토가 있었는지 또는 문제제기를 했는지 등에 관한 회의내용을 알 수 없음. 
  따라서 이사로서 충실의무를 다했는지 등을 확인하고, 각 이사의 업무집행에 대한 회사 내·외부 이해관계자들의 평가가 가능하도록 의사록 외에 속기록 또는 녹음기록의 방법으로 회의록을 작성, 관리하게 할 필요가 있음.
  특히 사외이사 제도가 도입된 지 10년이 경과했으나 지배주주 및 경영진과 이해관계가 있는 등 독립성이 결여된 인사들이 사외이사로 다수 선임되고 있어 사외이사가 사내이사에 대한 견제 기능을 제대로 수행하고 있는지에 대한 문제제기가 계속되고, 단순 거수기 역할을 벗어나지 못한다는 비판까지 제기되고 있음.
  실제 경제개혁연구소가 최근 69개 기업집단 소속 상장회사 263개사의 사외이사 798명을 대상으로 분석한 결과(경제개혁리포트 2009-8호,「사외이사의 실질적 독립성 분석(2009년)」), 지배주주 및 경영진과 이해관계가 있는 사외이사가 209명(26.19%)으로 애초부터 독립성이 결여된 인사들이 사외이사로 다수 선임되고 있음.
  따라서 속기록 또는 녹음기록 방법으로 회의록을 작성하게 함으로써 이사회 결정과정에서 이사들의 책임성을 높이고, 사외이사 제도를 실질화 하는 데 기여할 수 있을 것으로 기대됨.
  다만, 회의록 열람권이 남용되는 것을 방지하기 위해 회의록 작성, 관리의무가 있는 회사를 「상법」 제542조의2에 따른 상장회사로 한정하고, 회의록을 청구할 수 있는 주주의 자격을 주주대표소송을 제기할 수 있는 소수주주(6개월 전부터 계속하여 상장회사 발행주식총수의 1만분의 1 이상에 해당하는 주식을 보유한 자)로 제한하도록 함.
◎ 주요내용
  상장회사에 대하여 이사회 의사록과 함께 속기록 또는 녹음기록의 방법으로 이사회 회의록을 작성, 관리하도록 하고 「상법」상 주주대표소송을 제기할 수 있는 지분을 보유한 주주가 이를 열람할 수 있도록 함(상법 제542조의13 신설).","강창일,권선택,박영선,송민순,송영길,양승조,이성남",법제사법위원회
박영선,69,1806634,PRC_A0B9R1E1L1F9G1A1V0X9J0R9A5V2Q7,민사집행법 일부개정법률안,의결,2009-11-19,2010-06-29,대안폐기,"◎ 제안이유
  최근, 세계적인 금융위기와 이로 인한 경제 불황이 지속되면서 실직 등으로 생계에 막대한 타격을 받는 임차인들이 급증하면서, 임차인들이 과중채무상태에 처하는 경우가 빈번하고, 임차인들의 유일한 재산이다시피 한 임대차보증금에 대한 강제집행도 빈번히 이루어지고 있는 실정임. 만약, 임차인이 주거로 사용되고 있는 건물에 대한 임대차보증금의 강제집행이 이루어질 경우, 임차인은 주거를 상실하는 결과에 이르게 됨.
  「채무자 회생 및 파산에 관한 법률」 제383조에서는 압류할 수 없는 재산과 임차인이 주거용으로 사용하고 있는 건물에 대한 임대차보증금 중 일정 금액에 대해서는 파산재산에 속하지 않도록 하여, 위 재산과 임대차보증금은 파산절차가 진행되더라도 청산에서 제외하고 있음. 이러한 입법 취지 등을 참작하여 「주택임대차보호법」 제8조 및 같은 법 시행령 제3조가 정하고 있는 일정금액의 임대차보증금을 압류 금지채권으로 추가하여, 임차인들의 주거안정을 도모하고자 함.
◎ 주요내용
  「주택임대차보호법」 제8조에 따라 우선변제를 받을 수 있는 금액의 범위 안에서 대통령령으로 정하는 금액을 초과하지 아니하는 금액을 압류 금지 채권에 추가하도록 함(안 제246조제1항제6호 신설).","강창일,권선택,박영선,송민순,송영길,양승조,이성남",법제사법위원회
박영선,69,1806368,PRC_G0U9K1C0H2G8T1T4L5L1L4G0S6P6L0,형법 일부개정법률안,계류,2009-10-28,"","","제안이유
  현행 형법 제10조는 심신장애로 인하여 사물을 변별할 능력이나 의사를 결정할 능력이 미약한 자의 행위는 형을 감경한다고 규정하고 있는바, 어떤 범죄를 저질렀는지 어떻게 심신장애에 이르렀는지 등은 묻지 않고 심신미약 상태에서의 범죄인 경우 필요적으로 감경하도록 규정하고 있음. 
  경찰청 통계를 보면 지난해 13세 미만 아동 성범죄 건수는 1,220건으로, 4년 전인 2005년보다 두 배 가까이 늘었고, 성범죄 신고율이 6% 정도인 점을 감안하면 실제 성폭행 건수는 수만 건이 넘을 것으로 추정됨. 성범죄는 다른 범죄와 달리 성인에게도 신체적 고통뿐만 아니라 정신적 고통을 주는 것으로 13세 미만의 아동에 대한 성범죄는 취약한 상대에게 행하는 계획된 폭력행위이고, 또한 성장하고 있는 과정에 있는 아동을 대상으로 하여 그 결과가 더 치명적이므로 엄격한 처벌이 필요함. 
  영국의 성범죄 양형기준을 살펴보더라도 술에 취해 범행한 것은 (‘commission of an offence while under the influence of alcohol or drug') 오히려 가중요소로 규정하고 있고, 음주 또는 약물로 인한 심신상실의 경우는 그 적용을 배제하고 있지 아니하므로 행위책임의 원칙에 반한다고 보기 어려움. 가해자의 음주 또는 약물로 인한 심신미약의 경우를 감경적 인자로 고려하는 것은, 술에 대해 지나치게 관대한 우리 사회의 음주문화와 ‘성폭력은 성충동에 의한 것이다’라는 잘못된 통념에 기인한 측면도 있음.
  또한 최근 8세 아동을 잔혹하게 성폭행한 가해자에 대하여 법원에서 음주상태로 인한 심신미약을 이유로 형량을 감경한 사례를 계기로 최소한 아동성범죄에 대하여는, 단순히 양형기준을 변경하는 정도가 아니라 입법적 결단으로 음주 또는 약물의 영향으로 인한 심신미약 감경규정을 배제하여야 한다는 국민적 합의가 형성되었다고 보여짐. 
  따라서 음주 또는 약물의 영향으로 심신미약 상태에 이른 경우로서 13세 미만 대상 성범죄자에 대하여는 감경사유의 적용을 배제하고자 함. 
주요내용
  음주 또는 약물의 영향으로 심신미약 상태에 이른 경우로서 13세 미만을 대상으로 하는 추행, 유사성교, 강간 등의 성범죄를 범한 자에 대하여는 형법 제10조제2항에서 규정하는 심신미약으로 인한 필요적 감경사유의 적용을 배제함(안 제10조제2항 단서 신설).","박기춘,박영선,송민순,송영길,안민석,오제세,우윤근",법제사법위원회
박영선,69,1806264,PRC_U0M9M1H0V0D9J1U4R0X5A2U5E7H5M4,채권의 공정한 추심에 관한 법률 일부개정법률안,계류,2009-10-09,"","","제안이유
  현행법은 대부업법 제10조, 신용정보보호법 제26조의2, 보증인보호법 제9조 등 개별 법률에 분산되어 있는 규정을 정비하고 보완하여 제정하면서, 채권추심금지행위의 성립요건에 대부업법, 신용정보보호법의 관련규정에 없었던 “반복적으로 또는 야간에”를 추가함으로써 요건을 엄격하게 함.
  이에 따라 채권추심행위가 야간을 피해 한두 번 또는 비연속적으로 이루어진 경우 그 행위 정도를 불문하고 불법추심행위에 해당하지 아니하게 되고, 특히, 채무자의 부모, 배우자, 자식, 친척, 직장 동료 등에 대한 행위의 경우에도 동일하게 적용되고 있음. 
  그러나, 불법추심행위는 비연속적으로 이루어진 경우에도 그 행위의 내용이나 정도에 따라 치명적인 결과에 이를 수 있는 반면 위 요건을 삭제하더라도 ‘정당한 이유없이’라는 요건에 의하여 채권자의 정당한 권리행사는 보장될 수 있음. 
  따라서 현행법의 채권추심금지행위의 성립요건에서 “반복적으로 또는 야간에”라는 요건을 삭제함으로써 불법추심행위의 처벌의 실효성을 높이고 채무자와 관계인의 인간다운 삶과 평온한 생활을 보호하고자 하고자 함.
주요내용
  채권추심자가 채권추심과 관련하여 정당한 사유 없이 채무자나 관계인을 방문하거나 전화하는 등 말·글·음향·영상 또는 물건을 채무자나 관계인에게 도달하게 함으로써 공포심이나 불안감을 유발하여 사생활 또는 업무의 평온을 해치는 행위에 해당하면, 그 행위가 반복적이어야 하는지 여부 또는 야간인지 여부에 상관없이 처벌하도록 성립요건을 완화함(안 제9조제2호 및 제3호).","박영선,박지원,송영길,신학용,양승조,우제창,원혜영",법제사법위원회
박영선,69,1805246,PRC_O0G9U0N6C2P3A1Y5N1K7R3Z7Q2T2P4,형사소송법 일부개정법률안,계류,2009-06-23,"","","제안이유
  현행 형사소송법은 수사기관의 오남용을 방지하기 위하여 압수·수색의 경우 법원의 영장을 통해서만 가능하도록 했지만 통신사업자의 서버에 저장된 전자메일 등에 대해서는 지나치게 포괄적인 영장이 발부되는 사례가 많아 개인 사생활 보호가 소홀히 취급되는 측면이 많음.
  따라서 통신사업자의 서버에 저장된 전자메일 등에 관한 영장 발부 요건을 강화하고 대상이 되는 전자메일 등에 작성기간을 추가하여 무분별한 열람을 방지하고자 함.
주요내용
  가. 압수 또는 수색할 물건이 제107조에 따른 우편물인 경우와 통신사업자의 서버에 저장된 이메일 내용, 휴대전화의 문자메시지, 음성사서함, 비공개 게시물 또는 그 밖에 이와 유사한 것으로서 대통령령으로 정하는 물건의 경우에는 피고인이 죄를 범하였다고 의심할 만한 상당한 이유가 있고 제70조제1항 각 호의 어느 하나에 해당하는 사유가 있을 때에 압수할 수 있음(안 제106조제3항, 제109조제3항, 제215조제3항 신설)
  나. 제출을 명하거나 압수할 물건이 통신사업자 서버에 저장된 이메일 내용, 휴대전화의 문자메시지, 음성사서함, 비공개 게시물 또는 그 밖에 이와 유사한 것으로서 대통령령으로 정하는 물건의 경우에도 송 수신자에게 그 취지를 통지할 수 있도록 하는 등 우체물 압수에 대한 규정을 준용함(안 제107조제4항 신설)
  다. 압수·수색할 물건이 통신사업자의 서버에 저장된 이메일 내용, 휴대전화의 문자메지시, 음성사서함, 비공개 게시물 또는 그 밖에 이와 유사한 것으로서 대통령령으로 정하는 물건의 경우에는 압수·수색영장에 작성기간을 추가로 기재함(안 제114조제1항 단서조항 신설)","강기정,김상희,김성순,김충조,김효석,문희상,박선숙",법제사법위원회
박영선,69,1803913,PRC_L0W9J0R2W2V4E1P6U2W9B5S5Y3Y0A9,상법 일부개정법률안,의결,2009-02-24,2011-03-11,대안폐기,"제안이유
  지배주주 등 실질적 의사결정자의 사익추구라는 일탈행위에 대한 책임추궁수단으로 마련된 현행 「상법」 체계상의 사후적 규율수단이 관련규정의 미비로 인해 제대로 작동하지 못하고 있음. 
  사전적 규제의 완화로 인한 규제 공백을 보완하기 위해 사후적 규율수단이 실질적으로 작동할 수 있도록 관련규정을 정비함.
  상법에 신설된 상장회사의 지배구조에 대한 특례 조항 가운데 상장회사의 소수주주권 보호와 관련된 일부 조항들을 정비함. 
주요내용
  가. 회사와의 거래시 공정거래 의무가 있는 이사의 범위를 확대함(안 제397조제2항 및 제397조의2제2항 신설, 제398조).
  나. 이사 등의 회사와 특별한 이해관계가 있는 거래로 회사 기회의 유용 금지를 신설함(안 제397조의2 신설).
  다. 이사 등의 회사와 특별한 이해관계가 있는 거래의 절차를 명확히 규정함(안 제397조제1항, 제397조의2제1항, 제398조제1항).
  라. 상법상 업무집행지시자들이 회사와 이해관계가 충돌하는 거래의 당사자가 되는 경우 업무집행지시자의 영향력 행사 내지 업무관여사실을 추정하는 조항을 도입함(안 제401조의2제3항 신설). 
  마. 사해적 합의에 의한 주주대표소송 제도의 형해화를 방지하기 위해 관련 조항을 수정·보완하고, 소송비용지급 청구권 조항을 정비함(안 제403조제6항, 제8항 신설, 제404조제3항 신설).
  바. 주주명부 열람 청구 대상을 확대함(안 제396조제2항).
  사. 상장회사의 지배구조에 대한 특례조항 가운데 소수주주권과 관련된 일부 조항을 수정함.
    - 주주총회 소집 통고 기간을 연장함(안 제542조의4).
    - 사외이사의 독립성 확보를 위한 사외이사 선임 요건 관련 조항 정비(안 제542조의8)
    - 상근감사의 독립성 확보를 위한 상근감사 자격제한 요건 정비
    - 감사위원회 위원의 선임 기관 및 순서를 정하고 최대주주 등의 의결권 제한 규정을 정비함(안 제542조의12). 
    - 소수주주의 이사·감사후보자 추천권한을 규정함(안 제542조의13).","김영진,김우남,박기춘,박영선,박지원,서갑원,송영길",법제사법위원회
박영선,69,1803904,PRC_E0C9Y0C2Z2N4Q1G0L4Q0Q2W3Q2L1F4,국가정보원법 일부개정법률안,계류,2009-02-24,"","","제안이유
  국가정보원은 국가의 안전보장과 관련한 정보수집 업무를 부여받았음에도 우리 사회가 민주화와 남북화해 등 많은 변화를 겪는 과정에서 공권력을 남용하여 국민의 천부적 인권을 침해하는 등 본연의 임무와 관련이 없는 행태를 보임으로써 국민들로부터 불신을 받고 있음. 국가정보원이 국민들로부터 신뢰를 회복하도록 하기 위해 국가정보원이 본연의 임무에 충실하도록 하고, 국가정보원을 보다 합리화, 선진화, 전문화 하려는 것임.
  미국의 CIA는 국가정보원과 같이 정보수집활동을 하고 있지만 수사권이 없이 정보수집 및 배포 업무를 주로하고 있는 점 등을 감안해 국가정보원의 수사권을 폐지하고 정치활동 관여를 위한 정보수집을 금지하며, 국회가 요구하는 경우 감사원 감사를 받을 수 있도록 하고, 예산？결산 감독을 강화하여 예산낭비를 방지하는 등 국가정보원이 국가의 안전보장과 직접 관련되는 본연의 임무에만 충실하게 할 수 있도록 함.
주요내용
  가. 국정원의 직무에서 「형법」 중 내란의 죄 및 외환의 죄 등의 수사를 규정한 조항을 삭제하고 국가정보통신망에 대한 사이버안전업무를 추가함(제3조제1항). 
  나. 국가정보원은 직무를 수행함에 있어 정치적 중립성, 인권의 존중, 적법절차 준수 및 공정성을 최대한 유지하고, 정치개입·관여 또는 이를 목적으로 하는 일체의 정보활동을 하지 못하도록 직무수행의 원칙을 규정함(안 제3조의2 신설).
  다. 특정정당이나 정치단체 및 그 구성원의 정치활동에 관한 정보를 수집？제공하거나 이에 관한 대책을 수립하는 행위를 금지하도록 하고 위반시 처벌할 수 있도록 함(안 제9조제2항제5호 신설).
  라. 제9조제2항의 정치활동에 관여하는 행위에 해당하는 상급자의 지시가 있을 경우 직원은 이를 거부하도록 함(안 제9조제3항 신설).
  마. 국정원을 예산회계법상의 독립기관으로 간주하지 아니하고, 국정원으로 하여금 예산의 일부를 다른 기관의 예산에 계상할 수 없도록 함으로써 예산회계의 투명성을 확보하고자 함(안 제12조).
  바. 국정원은 국회 예산결산심사 및 안건심사와 감사원 감사에 있어서 국가기밀에 해당하는 경우 비공개회의를 요청하도록 하고 자료의 제출 또는 답변을 거부할 수 없도록 함(안 제13조제1항).
  사. 감사원장은 국회 정보위원회가 의결로서 요청하는 경우 국가정보원 소관예산에 관한 회계검사 및 직무감찰을 행하고 그 결과를 국회 정보위원회에 보고하도록 함(안 제14조제2항).
  아. 통신비밀보호법을 위반하여 감청을 하거나 도청한 경우는 10년이하의 징역과 10년이하의 자격정지에 처하도록 함(안 제20조 신설).
  자. 감사원의 회계검사 및 직무감찰을 방해한 자는 7년이하의 징역과 7년이하의 자격정지에 처하도록 함(안 제21조 신설).","김재균,노영민,문학진,박병석,박영선,박지원,송영길",정보위원회
박영선,69,1803697,PRC_B0D9Z0B2Q0T3J1D6A3G7W3F1X2J9O2,국회법 일부개정법률안,계류,2009-02-03,"","","제안이유
  현재 정보위원회 회의는 비공개를 원칙으로 하고 있으나, 국회의원의 의정활동을 보좌하기 위한 국회정책연구위원 및 보좌진의 회의 참석이 원천적으로 불가능하게 되어 있어 의정활동을 수행함에 있어 장애 요인으로 작용하고 있음. 국가기밀을 유출이 우려되지 않는 정보위원회 소관 법률안을 심사하기 위한 회의에는 의원 보좌기구의 회의 참석을 보장하여 의정활동을 수행함에 있어 보좌기구의 도움을 받을 수 있도록 하기 위함.
주요내용
  정보위원회 소관 법률안을 심사하기 위한 회의는 공개를 원칙으로 하도록 함(안 제54조의2).","강기정,김재윤,박영선,박지원,백원우,서갑원,송영길",국회운영위원회
박영선,69,1803696,PRC_Y0V9E0F2H0N3T1P6S3U6A5G0H5E5H9,주택임대차보호법 일부개정법률안,계류,2009-02-03,"","","제안이유
  현행 주택임대차보호법에서는 임차인의 보호를 위해 최우선변제권, 우선변제권, 전세권 설정 등의 제도를 두고 있으나 보장금액의 비현실성, 절차의 복잡성, 비싼 등기비용, 임대인의 비협조 등으로 사실상 실효성이 현저히 낮은 상황임.
  따라서 임차인을 위한 임대보증금반환보장보험 가입을 의무화하여 임대차 계약이 종료되었음에도 불구하고 신규 임차인이 나타날 때까지 보증금을 반환받지 못하는 임차인의 보증금회수권과 주거이전의 자유를 실질적으로 보장하고자 하는 것임.
주요내용
  가. 임대인이 임차인에 대해 임대보증금 반환이행을 보장하기 위하여 임대보증금반환보장보험 가입을 의무화 함(안 제4조의2 신설).
  나. 보험가입 의무화 내용이 반영된 표준임대차계약서 사용을 의무화 함(안 제4조의3 신설).
  다. 보험회사가 보증금을 대지급한 경우 임차인의 보증금 회수 관련 권리를 보험회사가 승계하도록 함(안 제14조 신설).
  라. 임대보증금반환보장보험 가입 의무를 위반한 임대인에 대해 과태료를 부과하도록 함(안 제15조 신설).
-  --  -","강창일,김성곤,김영진,김희철,박영선,백재현,서갑원",법제사법위원회
박영선,69,1802086,PRC_O0O8K1F1H1A8M1S7T1E2I5C7I3O9X3,국가정보원직원법 일부개정법률안,의결,2008-11-18,2009-01-08,대안폐기,"제안이유
  국가정보원 직원의 정년은 5급 이상은 60세, 6급 이하는 40세에서 57세까지로 불평등하게 규정되어 있어 직원의 정년을 연차적으로 60세로 단일화함으로써 헌법상 평등권을 보장하고자 함.
  그리고 국가정보원은 업무 특성상 직원의 신분 안정이 절대적으로 필요함에도 불구하고 계급정년이 있어 오랫동안 전문성을 쌓은 직원들이 조기에 퇴직 하게되는 문제점이 있음. 특히, 조직의 핵심인력인 4급과 5급 직원들이 신분의 불안정으로 50대 초반의 나이에 퇴직을 준비해야 하는 실정이므로 이들의 안정적인 근무여건을 보장할 수 있도록 계급정년을 폐지하고자 함. 다만, 직원의 정예화 및 조직 활성화를 도모하기 위하여 2급과 3급 직원의 계급정년은 존치하기 위함.
주요내용
  가. 6급 이하 직원의 연령정년을 60세로 연장하고, 4급과 5급의 계급정년을 폐지함(안 제22조).
  나. 6급 이하 직원의 정년연장은 2009년 3월 1일부터 시행하도록 하고, 정년연장으로 신규채용 인원이 감소하는 문제를 최소화하기 위해 정년을 단계적으로 연장하여 2013년에 60세로 단일화하도록 함(안 부칙 제1항 및 제2항).","김재윤,박기춘,박영선,박지원,송영길,신학용,이춘석",정보위원회
박영선,69,1801900,PRC_B0E8T1X1F1E2A1M0S5M8S2E3P6P3K5,형법 일부개정법률안,계류,2008-11-12,"","","제안이유
명예훼손 행위는 흔히 표현의 자유 및 국민의 알권리와 충돌되는 사례가 있어 그것이 진실한 사실로서 오로지 공공의 이익에 관한 것일 때에는 처벌하지 않는 것으로 하고 있으나, 이 위법성 조각사유를 포괄적으로 규정하고 있어 법 적용에 있어 혼란을 야기하는 사례가 있으므로 이를 구체적으로 적시함으로써 개인 사생활보호와 표현의 자유 및 국민의 알권리와의 균형을 도모하기 위함.
주요내용
  가. 명예훼손 행위가 진실한 사실이거나 진실한 사실이라고 믿을만한 상당한 이유가 있고 공공의 이익을 주된 목적으로 하거나 상대방이 공직자 또는 공인인 때 또는 그 행위가 공공성 또는 사회성이 있는 공적 관심사안에 관한 것으로써 사회의 여론형성 내지 공개토론에 기여하는 경우에는 처벌하지 아니함(안 제310조제1항).
  나. 명예훼손의 죄는 고소가 있어야 공소를 제기할 수 있다.(안 제312조).","강봉균,김동철,김상희,김영록,김재균,김재윤,김충조",법제사법위원회
박영선,69,1801881,PRC_T0U8Z1A1Z1Y1U1Z6I3V8L1D8D1V3R2,통신비밀보호법 일부개정법률안,의결,2008-11-11,2009-04-30,수정가결,"제안이유
  송·수신이 완료된 전기통신의 내용을 지득·채록하는 행위는 「통신비밀보호법」상의 통신제한조치의 대상이 아니라, 「형사소송법」상의 압수·수색·검증의 절차를 거쳐야 하므로, 이를 「통신비밀보호법」에 명문으로 규정하기 위함.
  또한 피의자 외의 자가 발신하거나 수신한 이메일 등 송·수신이 완료된 전기통신에 대하여 압수·수색·검증 집행을 한 경우 그 발신인이나 수신인에게 압수·수색을 집행한 사실을 통지하는 규정이 없어 개인 사생활의 비밀과 알 권리를 침해할 소지가 있으므로, 통지의무를 부과하는 규정을 신설하기 위함.
주요내용
  가. 송·수신이 완료된 전기통신의 내용을 지득·채록하기 위한 압수·수색·검증은 「형사소송법」의 규정에 의함(안 제3조제4항 신설)
  나. 수사기관이 송·수신이 완료된 전기통신에 대하여 압수·수색·검증을 집행한 사건에 관하여 공소를 제기하거나 공소의 제기 또는 입건을 하지 아니하는 처분(기소중지 제외)을 한 때에는 그 처분을 한 날부터 30일 이내에 그 대상이 된 전기통신의 송신자 및 수신자에게 압수·수색·검증을 집행한 사실을 서면으로 통지하도록 함(안 제9조의3 신설).
■ 위원회 수정사항 
  □ 수정이유 및 수정주요내용 
송·수신이 완료된 전기통신의 내용을 지득·채록하기 위한 압수·수색·검증의 집행은 「형사소송법」에 따르도록 하는 규정을 삭제하고, 압수·수색·검증 집행의 통지대상을 수사대상이 된 사람의 사생활 보호 등을 위하여 「압수·수색·검증의 대상이 된 전기통신의 송신자 및 수신자」에서 「수사대상이 된 가입자」로 변경함(안 제3조제4항 및 제9조의3).","김세웅,김유정,김재균,김충조,김효석,박선숙,박영선",법제사법위원회
박영선,69,1801783,PRC_U0S8N1Q1X0P6G1Y6J5S0Q5R0L4P2Z1,전기사업법 일부개정법률안,계류,2008-11-06,"","","제안이유 및 주요내용
  교육용전력 전기요금은 대략 학교 공공요금의 약 50%를 차지하고 있기 때문에 학교 재정에 여전히 부담이 되고 있는 실정임. 현재 계약종별 전기요금 평균단가의 100% 수준을 산업용 평균 판매단가의 80%수준으로 인하하도록 하여 교육재정을 확보함으로써 교육여건 개선을 위한 재원으로 활용하려는 것임(안 제16조의2).","강창일,김상희,김재균,김재윤,김춘진,박영선,배영식",지식경제위원회
박영선,69,1800499,PRC_X0H8Q0W7Z3U1H1U6N5V8K0X5R7U4F0,공직자윤리법 일부개정법률안,의결,2008-07-31,2011-06-29,대안폐기,"제안이유
  고위공직자들이 공직에 몸담으면서 쌓아왔던 경력과 인맥을 이용하여 퇴임 이후 유사 혹은 경쟁업종에 고문 내지 임원으로 선임되는 사례가 만연함. 이는 공직에 종사함으로서 비로소 얻을 수 있었던 유무형의 이익을 개인이 남용하는 결과가 될 뿐만 아니라 국가적으로도 공직전반에 대한 국민의 신뢰를 떨어뜨리고 공정하고 객관적인 공무의 수행을 저해하는 결과를 초래.  
  금융, 조세 등 전문분야 출신 고위공직자들이 퇴임 후 해당 분야의 민간 기업으로 진출하는 것은 이제 더 이상 특별한 현상이 아니며, 특히 로비스트가 개별화되지 않은 우리나라에서는 법무법인, 회계법인 등이 법인 본래의 업무 역할과 로비스트 역할을 원스톱 서비스로 하는 것이 현실인데 거대 로펌 등에서 이러한 로비스트의 역할을 전직 장관들이 수행하고 있는 실정임. 
  따라서 이러한 현실을 감안, 공직전반에 대한 국민의 신뢰를 확보하고 관련업무의 공정성과 객관성을 담보하기 위해 고위공직자의 재취업을 국회에 보고하는 절차적 제한을 두고 변호사 자격이 없는 고위공직자의 경우 법무법인, 법무조합, 법률사무소 등으로의 진출을 일정 기간 동안 제한하고자 함. 
주요내용
  가. 퇴직한 고위공직자가 회계법인·법무법인·법무법인(유한)·법무조합·법률사무소에 퇴직일로부터 2년간 취업할 수 없도록 함(안 제17조제1항).
  나. 변호사의 자격이 없는 퇴직한 국무총리와 행정각부의 장·차관의 경우 법무법인·법무법인(유한)·법무조합·법률사무소에 3년간 취업할 수 없도록 함(안 제17조제4항).
  다. 관할윤리공직자윤리위원회의 재취업 승인사항을 국회소관 상임위원회에 보고하도록 함(안 제17조제5항).","강기정,강창일,김우남,김재균,김춘진,문학진,박기춘",행정안전위원회
박영선,69,1800497,PRC_Y0J8X0P7C3S1B1Q6M4M6F0H0K6V8R8,지방세법 일부개정법률안,계류,2008-07-31,"","","제안이유 
  당초 부동산 투기를 근절한다는 차원에서 보유세 부담을 늘리고 거래세 부담을 더는 형태의 선진국형 세제개편을 추진하였으나  아직 거래세 부담이 완화되지 않아 이를 개선할 필요성이 대두됨.
  이에 새로 집을 마련하거나 주택을 교체하려는 서민들의 세 부담을 완화하여 서민주거안정에 기여하고 위축된 분양시장을 활성화하여 금융 불안 요인을 축소하되 부동산투기의 소지를 막기 위해 그 대상은 일정한 범위로 한정, 무주택자의 주택 취득 시, 혹은 1가구 1주택자가 유상거래로 취득·등기하는 주택에 대하여 취득세와 등록세를 현행 2%에서 1%로 인하하도록 함. 
주요내용 
  제273조의2 적용대상을 무주택자 및 일세대일주택(가액이 대통령령이 정하는 기준을 초과하는 고가주택을 제외한다)자로 하고 주택거래에 대한 취득세 및 등록세의 세액을 각각 75% 경감함(안 제273조의2).","김동철,김영진,김우남,김재균,김종률,박병석,박영선",행정안전위원회
박영선,69,1800248,PRC_X0J8I0Q7Y1S4P1Y4Z4V2X5T0M6H8T6,한국은행법 일부개정법률안,의결,2008-07-14,2011-08-31,대안폐기,"제안이유
  중앙은행은 전통적으로 결제 종료성을 갖는 법정통화를 발행하며, 최종대부자로서 금융시스템 안정을 도모하고 있으나 지급결제제도가 복잡해지고 결제규모가 크게 증가했으며,「자본시장과 금융투자업에 관한 법률」 제정에 따라 금융투자회사에까지 지급결제업무가 확대되는 등 지급결제 안전성과 효율성 확보가 중요한 과제로 등장하고 있음. 
  한편, 다수의 선진국 중앙은행도 지급결제제도의 운영을 중앙은행의 책무로 명시하고 있어 법 목적에 지급결제 원활화를 추가하고 지급결제제도에 대한 감시기능 강화를 위해 민간기관이 운영하는 지급결제제도 참가기관에 대해서도 감시에 필요한 자료를 요구할 수 있는 권한을 부여하고, 지급결제시스템 운영상의 문제 발생을 조기 감지 및 사전 예방하고 문제 발생시 즉각적인 현황 파악 및 영향 분석 등 필요한 대책을 강구할 수 있도록 한국은행 지급결제망 참가기관 및 지급결제제도 운영기관 등에 대해 서면 또는 실지 조사권을 부여하고자 함
주요내용
  가. 한국은행이 지급결제제도의 안전성과 효율성에 대한 책임을 다하도록 법 목적에 지급결제의 원활화 도모를 추가함(안 제1조). 
  나. 지급결제제도에 대한 감시기능 강화를 위해 민간기관이 운영하는 지급결제제도 참가기관에 대한 자료요구권을 추가하고, 한국은행이 운영하는 지급결제제도 참가기관 및 민간기관이 운영하는 지급결제제도 운영기관에 대해 서면조사 및 실지 조사권을 부여함(안 제81조제3항 및 제4항). 
  다. 한국은행이 통화신용정책의 효율적 수행 등을 위하여 필요로 하는 금융기관에 대한 자료제출 요구의 범위를 현실화 함(안 제87조).","강성종,김동철,김성곤,김우남,김희철,노영민,문희상",기획재정위원회
박영선,69,176839,PRC_A0D7N0G6W1R4U1T0L4G3G1Q5O6Y8N8,증권거래법 일부개정법률안,의결,2007-06-12,2008-02-19,수정가결,"■ 제안이유 
외국법인에 대한 공개매수, 단기매매차익반환 및 주식의 대량보유상황보고 등 관련 조문의 적용을 명확히 함으로써 국내 상장을 추진하는 외국법인의 예측가능성 및 투자자 보호를 제고하여 증권시장의 국제화를 촉진하려는 것임.
■ 주요내용 
  가. 주권상장법인의 정의에 외국주권 및 외국주식예탁증서를 발행한 법인을 추가함(안 제2조제13항제3호).
  나. 공개매수 및 주식의 대량보유상황보고의 대상이 되는 “주식등”의 범위에 외국주권 및 외국주식예탁증서를 추가함(안 제21조제1항).
  다. 단기매매차익 반환의 적용대상이 되는 “주권등”의 범위에 외국주권 및 외국주식예탁증서를 추가함(안 제188조제1항).
■ 위원회 수정이유 
상장법인 등에 대한 특례를 규정하고 있는 조항은 ？상법？에 대한 특별 규정의 성격을 가지는 것으로서 외국법인에 적용할 경우 양국 간 법률의 차이에 따른 충돌이 발생할 수 있으므로 외국법인에 대하여 적용배제 또는 적용범위조정을 하는 한편,
  법률 제8527호 ？증권거래법 일부개정법률？에 따라 개정된 사항을 반영하여 일부 자구를 정리하려는 것임.
■ 위원회 수정주요내용 
  가. 법률 제8527호 ？증권거래법 일부개정법률？에 따라 개정된 사항을 반영하여 일부 자구를 정리함(제2조제20항, 안 제188조제1항, 안 제206조의7제5호 및 제6호).
  나. 주권상장법인 또는 코스닥상장법인 중 외국법인에 대하여는 상장법인 등에 대한 특례를 규정하고 있는 조항을 적용배제하되, 재무관리기준에 관한 사항은 국내기업과 다른 기준으로 적용할 수 있도록 함(안 제189조제1항, 안 제192조제1항 단서 신설).","김명자,김영주,김춘진,민병두,박영선,우윤근,이계안",재정경제위원회
박영선,69,176161,PRC_R0F7C0S3Q0F5E1D8O3G4H5K2J4M2V7,보험업법 일부개정법률안,의결,2007-02-28,2008-02-19,대안폐기,"■ 제안이유 
우리나라 생명보험회사는 투자자산을 통합운용하고, 평균준비금방식의 구분계리제도를 적용하여 유·무배당 보험계정 간 투자손익 및 평가손익을 배분하고 있으나 과거 생명보험회사가 유배당보험만 판매하다 90년대 들어 무배당보험 중심의 판매로 급격한 변화가 발생했음.
현재 방식대로 2007년 41.6%인 유배당 보험의 책임 준비금 비율이 2015년에는 22.4%로 급감하게 됨.
  특히 보험사 자산의 핵심이라 할 수 있는 계열사 주식과 부동산은 그 특성상 매각을 통한 이익실현을 기대하기 어려운 현실인데, 이러한 투자자산의 장기보유 등 경영정책에 따라 투자·평가손익 중 계약자 몫이 변동하는 현상이 발생하고 있어 이를 근본적으로 해결하기 위하여 현행 구분계리제도의 개선 필요성이 대두되고 있는 바, 현재 시행령에 포괄적으로 위임되어 있는 구분계리 관련 규정을 개정하려는 것임. 또한 일부 생명보험회사는 정부의 이익배분 기준과 상장 지침에 따라 자산재평가법에 따른 자산재평가를 실시하여 계약자와 주주에게 배당을 실시하였으나 이중 계약자 지분의 일부를 자본계정에 유보하여 자본적 성격으로 사용해 회사 성장에 기여한 측면이 있어 생명보험회사 상장으로 인해 발생할 막대한 차익에 대해 계약자 지분이 인정되도록 하려는 것임.
  아울러 1990년 “생명보험회사의 잉여금 및 재평가적립금 처리지침”
부터 2003년 상장자문위원회에 이르기까지 국내 생보사는 법적으로는 주식회사이지만 상호회사적 성격이 혼재되어 있다는 점이 인정되어 왔음. 1989년, 1990년 일부 생명보험 회사들은 자산재평가법에 따른 재평가를 실시하여 계약자 몫으로 분류된 평가익 중 일부를 내부 유보하여 자본계정에 편입하였음. 현재 보험업법 제 122조는 이 내부 유보금을 계약자에게 배당할 수 있다는 근거를 위해 마련된 특례조항인데, 이미 재평가 이후 10여년이 경과하여 과거 계약자와 현재 계약자 간의 배당금 배분 기준을 마련하기 곤란한 부분이 있으므로 배당 이외에도 보험계약자 권익 보호를 위한 공익기금 조성 등 보험계약자를 위한 공익적 목적으로 사용할 수 있도록 하고자 함.
■ 주요내용 
가. 보험회사가 유가증권 시장에 상장하거나 협회중개시장에 등록하기 위해서는 유배당 상품을 특별계정으로 설정할 수 있도록 함(안 제108조제1항제4호 신설).
나. 보험회사의 배당보험계약에 대해서 자산·부채 및 수익·비용을 구분하여 계리하도록 함(안 제121조제1항).
다. 보험회사가 자산재평가법에 의한 재평가를 한 경우에 그 재평가로 인한 재평가적립금은 자산재평가법 제28조제2항 각호의 규정에 의한 처분 및 금융감독위원회의 허가를 받아 보험계약자에 대한 배당 외에 공익재단 설립 등 계약자를 위한 용도로도 이를 처분할 수 있도록 함(제122조).","김영주,김종인,김태홍,김현미,박영선,우윤근,이계안",재정경제위원회
박영선,69,176028,PRC_E0I7X0L2D0R1H1V7O2U1Z4S8V1S7A6,가족친화 사회환경 조성법안,의결,2007-01-31,2007-11-23,대안폐기,"■ 제안이유 
시대가 변화하고 ‘삶의 질’을 추구하는 성향이 강화되면서 기존의 ‘일 중심적’ 근로관이 ‘일과 생활의 균형’으로 전환되고 있음. 이러한 가치관의 변화에 따른 우리 사회의 욕구는 지속적으로 증대하고 있으나 그에 대한 만족도는 저조한 실정임.
  이는 가족친화적인 사회문화 정착에 관한 기본적인 법률이 현재 마련되지 않아 기업, 국가 및 지방자치단체가 가족친화적인 근로환경과 지역환경에 대한 실효성 있는 방안들을 마련할 수 있는 제도적 뒷받침이 없다는 데 기인함.
  따라서 이 법의 제정을 통하여 일과 가족책임이 조화롭게 병행되는 가족친화적인 직장환경과 마을환경을 조성함으로써 근로자와 가족 구성원의 복지를 향상시키고 기업의 생산성과 이미지 향상에 기여하는 한편, 사회 전반에 가족친화적인 환경의 정착에 기여하려는 것임.
■ 주요내용 
  가. 가족친화 사회환경을 직장과 가정의 양립, 가족책임의 원활한 수행 및 평등한 가족생활을 달성할 수 있는 제반 환경으로 정의함(안 제2조).
  나. 국가 및 지방자치단체는 가족친화 사회환경의 조성을 위하여 필요한 종합적인 시책을 수립·시행하도록 하고, 모든 국민이 일상생활에서 국가 및 지방자치단체의 시책에 적극 협력하도록 하는 등 국가, 지방자치단체, 국민에 대한 책무를 규정함(안 제3조).
  다. 여성가족부장관은 가족친화 사회환경 조성을 위한 기본계획을 5년마다 수립·시행하도록 하고, 기본계획에서 정한 목표를 달성하기 위하여 업무별로 세부 시행계획을 매년 수립·시행하도록 하며, 여성가족부장관은 특별시장·광역시장 또는 도지사에게 지역적 특성을 고려하여 5년마다 지역가족친화 사회환경 조성계획의 수립·시행을 권고할 수 있도록 함(안 제4조 내지 제6조).
  라. 여성가족부장관은 가족친화 사회환경 조성정책의 수립·시행을 위하여 이에 관한 실태조사를 2년마다 실시하고, 그 결과를 공표할 수 있도록 하며, 실태조사를 위하여 기업, 관계 행정기관·교육기관·연구기관 그 밖의 관련 법인 및 단체에 대하여 필요한 자료의 제출 또는 의견진술을 요청할 수 있도록 함(안 제7조).
  마. 여성가족부장관은 가족친화 사회환경 조성사업으로 가족친화 직장환경 조성사업, 가족친화 마을환경 조성사업, 가족친화 문화조성 및 활성화 사업 등을 추진하거나 전문연구기관 등으로 하여금 이 사업을 실시하도록 하고, 사업의 효과적 추진을 위하여 가족친화 사회환경 조성사업에 대한 평가를 실시할 수 있도록 함(안 제8조 및 제9조).
  바. 여성가족부장관은 가족친화 문화의 확산을 위하여 가족친화 제도에 대한 인식제고 및 확산을 위한 홍보, 직장 내 가족친화 교육 실시 등의 시책을 수립·추진하도록 하고, 가족친화 직장환경의 조성을 위하여 가족친화 우수기업 선정 및 포상, 탄력근무제·육아지원제도 등 가족친화 제도의 도입 및 확대 등의 시책을 수립·추진하도록 하며, 사업주에 대하여 「근로기준법」이나 노동관계법 등에서 사업주에게 부과된 책임 또는 의무를 충실히 이행하도록 함(안 제10조 및 제11조).
  사. 시·도지사는 대통령령이 정하는 지역에 가족친화 마을 환경이 조성될 수 있도록 지원하도록 하며, 초·중·고등학교장은 학교에서 가족친화 사회환경이 조성될 수 있는 시책을 강구하도록 함(안 제12조 및 제13조)
  아. 여성가족부장관은 가족친화지수를 개발하여 기업·공공기관 등을 대상으로 측정할 수 있도록 함(안 제14조).
  자. 여성가족부장관은 기업 또는 마을에 대하여 가족친화 인증을 할 수 있고, 인증의 유효기간은 3년으로 하며, 인증에 필요한 전문인력 및 전문성을 갖춘 자를 가족친화인증기관으로 지정하여 대상 기업 또는 마을에 대하여 인증을 하도록 함(안 제15조 내지 제17조).
  차. 공공기관의 장은 가족친화 인증을 받은 기업이 생산하는 재화 및 용역의 우선 구매를 촉진하고, 국가 및 지방자치단체는 인증받은 기업을 지원하기 위하여 필요한 경우 조세 및 부담금의 감면 등의 지원을 할 수 있도록 하며, 여성가족부장관은 가족친화 제도의 활성화 및 기업 등의 참여확산을 위하여 컨설팅 지원, 직장 내 가족친화 교육 실시 및 강사양성 지원, 정보제공 및 우수사례 홍보 등의 지원을 할 수 있도록 함(안 제20조 내지 제22조).
  카. 여성가족부장관은 가족친화 사회환경의 조성을 위하여 가족친화지원센터를 지정할 수 있고, 지원센터의 사업 수행을 위하여 필요한 비용의 지원을 할 수 있도록 함(안 제23조 및 제24조).
  타. 여성가족부장관은 이 법에 따른 권한의 일부를 시·도지사 또는 시·군·구청장에게 위임하거나 가족친화 사회환경 조성을 촉진할 목적으로 설립된 기관이나 법인 또는 단체에 위탁할 수 있도록 함(안 제27조).","강기정,강창일,김낙순,김명자,김영주,김재윤,김현미",여성가족위원회
박영선,69,175310,037779,한국은행법 일부개정법률안,의결,2006-11-09,2008-05-29,임기만료폐기,"■ 제안이유
중앙은행은 전통적으로 결제 종료성을 갖는 법정통화를 발행하며, 최종대부자로서 금융시스템 안정을 도모하고 있으나 지급결제제도가 복잡해지고 결제규모 증가 등으로 지급결제 안전성과 효율성 확보가 중요한 과제로 등장하고 있으며, 다수의 선진국 중앙은행도 지급결제제도의 운영을 중앙은행의 책무로 명시하고 있어 법 목적에 지급결제 원활화를 추가하고 지급결제제도에 대한 감시기능 강화를 위해 민간기관이 운영하는 지급결제제도 참가기관에 대해서도 감시에 필요한 자료를 요구할 수 있는 권한을 부여하고, 지급결제시스템 운영상의 문제 발생을 조기 감지 및 사전 예방하고 문제 발생시 즉각적인 현황 파악 및 영향 분석 등 필요한 대책을 강구할 수 있도록 한국은행 지급결제망 참가기관 및 지급결제제도 운영기관 등에 대해 서면 또는 실지 조사권을 부여하고자 함
■ 주요내용
  가. 한국은행이 지급결제제도의 안전성과 효율성에 대한 책임을 다하도록 법 목적에 지급결제의 원활화 도모를 추가함(안 제1조). 
  나. 지급결제제도에 대한 감시기능 강화를 위해 민간기관이 운영하는 지급결제제도 참가기관에 대한 자료요구권을 추가하고, 한국은행이 운영하는 지급결제제도 참가기관 및 민간기관이 운영하는 지급결제제도 운영기관에 대해 서면조사 및 실지 조사권을 부여함(안 제81조제3항 및 제4항). 
  다. 한국은행이 통화신용정책의 효율적 수행과 금융제도의 안정을 위하여 필요하다고 인정하는 경우 은행에 대하여 업무 및 재산상황을 조사·확인할 수 있는 기능을 부여하고, 이에 필요한 자료제출을 요구할 수 있도록 함(안 제87조제2항 및 제3항 신설).","김낙순,김영주,김우남,김종인,김춘진,노현송,민병두",재정경제위원회
박영선,69,175309,037778,금융기관의 공익성 제고 촉진법안,의결,2006-11-09,2008-05-29,임기만료폐기,"■ 제안이유
은행을 비롯한 금융기관은 외환위기 이후 공적자금 지원 등의 혜택을 받았고 이는 국민의 부담에서 비롯된 것임에도 불구하고 금융기관의 사회 공헌 활동은 부족하다는 지적을 많이 받아 왔음. 또한 금융기관의 지나친 수익성 추구로 인해 금융서비스 소외계층이 증가하고 서민금융 및 지역금융이 침체되었음. 따라서 금융기관의 사회공헌활동을 유도하고 이를 평가하여 인센티브를 부여하는 법률을 제정하여 금융기관의 사회적 책임을 강화하고자 함.
■ 주요내용
  가. 금융기관은 금융업무 등을 함에 있어 공익성 제고에 적극적으로 노력하도록 함(안 제4조).
  나. 금융감독위원장은 관계기관의 장과 협의하여 금융기관 공익적 업무에 관한 연도별 지침을 작성하여 공표하고 이를 국회에 보고하도록 함(안 제5조).
  다. 금융기관은 공익적 업무에 관한 지침을 기초하여 당해연도의 공익성 제고 목표를 달성하기 위한 공익적 업무에 관한 계획을 수립하도록 함(안 제6조).
  라. 공익적 업무에 대한 평가의 실시와 평가기반의 구축을 체계적·효율적으로 추진하기 위하여 금융감독위원장 소속하에 금융기관의 공익적 업무에 대한 평가위원회를 설치함(안 제7조).
  마. 금융기관 등의 공익적 업무에 대한 평가 내용은 중소사업자·여성·장애인·고령자·편부모가정 등 사회적 약자ㆍ지역경제에 대한 여신 및 금융서비스 정도 등 경제적 측면, 기부·윤리경영·원활한 노사관계 정도 등 사회적 측면, 친환경 기업·기술 등에 금융지원 등 환경적 측면 등이 포함되도록 함(안 제10조).
  바. 금융기관 공익적 업무에 대한 평가 위원회는 금융기관의 자체평가결과 및 위원회의 평가결과를 종합한 평가결과를 공개하도록 함(안 제14조).
  사. 정부는 금융 및 산업·중소기업 정책 등을 수립·집행함에 있어 평가결과를 연계·반영하여야 함(안 제15조).
  아. 금융기관의 장은 평가의 결과에 따라 우수사례로 인정되는 소속 부서·기관 또는 사원에게 포상, 성과급 지급, 인사상 우대 등의 조치를 하고, 그 결과를 위원회에 제출하도록 함(안 제16조).","김낙순,김영주,김우남,김종인,김진표,김춘진,김현미",재정경제위원회
박영선,69,173804,033656,소득세법 일부개정법률안,의결,2006-01-20,2008-05-29,임기만료폐기,"■ 제안이유
고소득층의 소득증가율이 저소득층에 비하여 크게 증대되는 등 국민 소득구조의 변화로 인해 소득의 양극화가 심화되고 있으나, 현행 4단계의 소득세 과표구간의 세율체계는 소득재분배의 실효성이 낮은 실정임. 
  소득세 과표구간을 5단계로 하고, 구간별 적용세율을 합리적으로 조정함으로써 세부담의 형평을 도모하는 한편 소득재분배를 통한 소득의 양극화를 해소하려는 것임.
■ 주요내용
  종합소득과세표준의 적용세율을 4천만원 이하인 경우는 1% 인하하고, 8천만원 초과 1억5천만원 이하인 경우는 1% 인상하며, 1억5천만원을 초과하는 경우에는 4% 인상하여 최고 39%의 세율을 적용하도록 함(안 제55조 제1항).","강기정,강봉균,강창일,김동철,김영주,김재윤,김재홍",재정경제위원회
박영선,69,172638,031734,소득세법 일부개정법률안,의결,2005-09-13,2007-02-07,폐기,"■ 제안이유
근로자 퇴직급여의 사회보장적 기능을 강화하기 위하여 2005년 12월 1일부터 ?근로자퇴직급여 보장법?이 시행됨에 따라 기존의 퇴직금제도 이외에 퇴직연금제도가 도입될 예정이므로, 퇴직연금제도에 의하여 근로자가 부담하는 부담금에 대하여는 그 성격상 근로자의 퇴직 후 소득보장 및 생활안정을 위한 것이므로 ?국민연금법? 등에 따라 부담하는 연금보험료와 동일하게 전액 소득공제하여 퇴직연금제도를 활성화함으로써, 근로자의 퇴직 후 생계보장에 기여하려는 것임. 
■ 주요내용
  「근로자퇴직급여 보장법」제13조제1호나목의 규정에 따라 근로자가 부담하는 부담금을 연금보험료공제 대상에 포함하여 전액 소득공제함(안 제51조의3제1항제3호 신설).","김재홍,김종률,김태년,김태홍,김한길,노현송,박기춘",재정경제위원회
박영선,69,172637,031733,법인세법 일부개정법률안,의결,2005-09-13,2006-04-10,폐기,"■ 제안이유
근로자의 안정적인 노후생활 보장을 위하여 기존의 퇴직금제도 외에 2005년 12월 1일부터 퇴직연금제도가 도입될 예정이나, 40여년간 지속되어 온 퇴직금 제도에 비하여 퇴직연금제도에 대한 근로자 및 기업의 이해가 부족하여 제도의 정착에 어려움이 예상되므로, 
  기업이 퇴직연금에 지출하는 금액에 대하여 전액 손금 산입을 인정하여 퇴직연금제도로의 전환을 유도함으로써 퇴직연금제도의 안정적인 정착에 기여하려는 것임. 
■ 주요내용
  「근로자퇴직급여 보장법」제12조 및 제13조의 규정에 따라 퇴직연금제도를 설정한 내국법인이 퇴직연금에 지급하는 금액은 퇴직급여충당금에 포함하되 손금산입 한도에 불구하고 전액 손금에 산입함(안 제33조제1항 단서 신설).","김재홍,김종률,김태년,김태홍,김한길,노현송,박기춘",재정경제위원회
박영선,69,172500,031566,부가가치세법 일부개정법률안,의결,2005-08-29,2006-04-10,폐기,"■ 제안이유
버려지는 헌 물건이나 중고용품을 무상으로 수거하거나 기증받아 이를 수선·판매하여 그 수익금으로 공익을 위한 자선사업을 하는 민간단체들이 등장하여 순환과 나눔, 자선과 공익을 위한 재사용운동 등 생활운동이 활발히 전개되고 있는 실정에서 이러한 민간 재활용자선가게의 판매물품에 대하여 부가가치세를 면제하여 중고용품의 재사용을 촉진하고 자원봉사활동 및 기부문화운동의 확산과 이를 통한 자선사업의 활성화를 지원하려는 것임.  
■ 주요내용
공익을 목적으로 하는 단체가 중고물품의 재사용 및 자선 등 공익목적을 위하여 재활용자선가게를 통해 판매하는 물품에 대하여 부가가치세를 면세함(안 제12조제1항16호).","강창일,김영주,김영춘,김종률,김태년,김태홍,김현미",재정경제위원회
박영선,69,172412,031463,형법 일부개정법률안,의결,2005-08-18,2008-05-29,임기만료폐기,"■ 제안이유
명예훼손 행위는 흔히 표현의 자유 및 국민의 알권리와 충돌되는 사례가 있어 그것이 진실한 사실로서 오로지 공공의 이익에 관한 것일 때에는 처벌하지 않는 것으로 하고 있으나, 이 위법성 조각사유를 포괄적으로 규정하고 있어 법 적용에 있어 혼란을 야기하는 사례가 있으므로 이를 구체적으로 적시함으로써 개인 사생활보호와 표현의 자유 및 국민의 알권리와의 균형을 도모하려는 것임.
■ 주요내용
  명예훼손 행위가 진실한 사실이거나 진실한 사실이라고 믿을만한 상당한 이유가 있고 공공의 이익을 주된 목적으로 하거나 상대방이 공직자 또는 공인인 때 또는 그 행위가 공공성 또는 사회성이 있는 공적 관심사안에 관한 것으로써 사회의 여론형성 내지 공개토론에 기여하는 경우에는 처벌하지 아니함(안 제31조제1항).","노웅래,노현송,박상돈,박영선,안민석,우제창,유시민",법제사법위원회
박영선,69,172075,030996,예금자보호법 일부개정법률안,의결,2005-06-20,2006-02-21,대안폐기,"■ 제안이유
  소멸시효기간이 만료되어 가는 예금보험금 청구권의 행사를 촉진하기 위해서가 예금보험공사가 청구권자에게 안내 또는 통지를 할 경우 「민법」상 소멸시효 중단사유인 채무자 승인에 해당됨에 따라서 법률상 충돌을 해소하고, 공사가 공적자금 지원 금융기관과 체결한 경영정상화이행약정 위반에 대한 제재수단이 단순하여 위반정도에 비례하는 조치가 곤란한 점이 있어 예금보험공사의 조치를 세분화하여 책임에 상응하는 조치를 요구할 수 있도록 함.
 아울러 ?예금자보호법?에 의한 예금보험공사 및 정리금융기관이 부실채무자 또는 부실책임자로부터 공적자금을 회수함에 있어 그 동안 적용되던 ?금융기관부실자산 등의 효율적 처리 및 한국자산관리공사의 설립에 관한 법률? 제45조의2(경매에 대한 통지 또는 송달의 특례) 규정에 의해 한시적으로 적용되고 있고, 공적자금 회수업무를 담당하는 예금보험공사의 설치 근거가 되는 ?예금자보호법?에 명시되어 있지 않았던 바, 이를 ?예금자보호법?에 명시하여 공적자금 회수를 위한 임의경매에 소요되는 기간 단축을 통해 공적자금 회수를 극대화하고자 함.
■ 주요내용
  가. 예금보험공사가 보험금청구권의 행사를 촉진하기 위하여 예금자등에게 행하는 안내·통지 등은 「민법」 제168조제3호의 규정에 불구하고 시효의 중단사유로 보지 아니하도록 함(안 제31조제7항).
  나. 예금보험공사로부터 자금을 지원받은 부보금융기관의 임원이 법률에서 정한 사항을 위반할 경우 책임에 상응한 징계를 요구할 수 있도록 함(안 제38조의5제6항).
  다. 예금보험공사 또는 ?예금자보호법?에 의한 정리금융기관이 임의경매를 신청할 경우 통지 또는 송달은 경매신청 당시의 당해 부동산의 등기부상 주소 또는 주민등록표상의 주소에 발송함으로써 송달된 것으로 볼 수 있도록 함(안 제38조의6 신설).","김낙순,김효석,노현송,민병두,박영선,우제창,이상민",재정경제위원회
박영선,69,172074,030995,공적자금관리특별법 일부개정법률안,의결,2005-06-20,2005-12-08,대안폐기,"■ 제안이유
  공적자금이 지원된 금융기관은 경영정상화를 위해서 예금보험공사와 경영정상화이행약정을 체결하고 있으나 그 위반에 대한 제재수단이 단순하여 위반정도에 비례하는 조치가 곤란한 점이 있어 정부 또는 예금보험공사의 조치를 세분화하여 책임에 상응하는 조치를 요구할 수 있도록 하기 위함.
■ 주요내용
  공적자금이 지원된 금융기관의 임원이 경영정상화이행약정을 위반할 경우 책임에 상응한 임원의 징계를 요구할 수 있도록 함(안 제17조제6항).","김낙순,김종률,김효석,노현송,민병두,박영선,송영길",재정경제위원회
박영선,69,171915,030782,금융산업의구조개선에관한법률 일부개정법률안,의결,2005-06-01,2006-12-22,대안폐기,"■ 제안이유
  금융기관이 동일계열 기업집단의 주식을 보유할 경우 그 한도를 정하고 있으나 이를 위반할 경우 시정을 명령할 수 있는 법적 근거가 없어 법 위반 상태가 지속되고, 법의 목적을 달성할 수 없는 문제가 있어 승인의 요건을 강화하고 시정조치와 이행강제금을 부과할 수 있는 법적 근거를 마련하고자 함
■ 주요내용
  가. 금융기관이 동일계열 기업의 주식을 초과보유하는 경우 그 한도를 정하고 매년 금융감독위원회에서 승인을 받도록 하고, 금융감독위원회 승인의 법적 기준을 마련함(안 제24조제4항 내지 제8항 신설). 
  나. 금융감독위원회는 금융기관이 동일계열 기업의 주식을 법을 위반하여 소유할 경우 이에 대한 시정명령을 내릴 수 있도록 함(안 제24조의2 신설).
  다. 금융감독위원회는 금융기관이 동일계열 회사의 주식을 처분하도록 명령한 후 정한 기간내에 주식을 처분하지 아니할 경우 이에 대한 이행강제금을 부과하도록 함(안 제29조 신설)","강길부,강봉균,구논회,권영길,김낙순,김종률,김현미",재정경제위원회
박영선,69,171384,030025,소비자보호법 전부개정법률안,의결,2005-02-22,2006-08-29,대안폐기,"■ 제안이유
  경제발전 및 소비자의식의 향상 등 소비생활의 환경변화에 대응하여 소비자정책의 중심을 소비자보호 위주에서 탈피하여 중장기 소비자정책의 수립과 실행의 효용을 높여 소비자권익을 증진함으로써 소비자의 주권을 강화하고, 소비자보호원의 소관과 관련하여 국무총리실 산하의 소비자위원회를 신설하고, 소액다수의 소비자문제를 효율적으로 해결하기 위하여 일괄적 집단분쟁조정 및 단체소송을 도입함에 있어 소송제기의 당사자 요건을 완화함으로써 소비자피해구제제도를 강화하고, 결함정보의 효율적 관리와 어린이 안전기준을 소비자정책 수립에 포함하도록 하는 등 현행제도의 운영상 나타난 일부 미비점을 개선·보완하려는 것임.
■ 주요내용
  가. 소비자정책의 수립을 중앙행정기관별로 작성하고 기본계획은 소비자위원장이 수립하도록 하고, 시행계획에 시·도지사를 포함하도록 하고, 기본계획에 어린이 안전기준을 추가하도록 함(안 제22조 및 제23조).
  나. 소비자 정책의 효율적 집행 및 소비자 권리 강화를 위해서 국무총리실 산하에 소비자위원회를 신설하도록 하고, 사무국을 설치하도록 함(안 제4장 제3절).
  다. 소비자 단체의 등록요건을 완화하고 자율적 분쟁조정을 위한 소비자단체협의체 구성의 미비점을 보완함(안 제39조 내지 제41조).
  라. 소비자보호원을 신설되는 소비자위원회의 집행기구로 하고, 이사회를 삭제함(안 제6장 제2절).
  마. 소비자 안전조치를 위해서 결함정보의 보고 의무와 결함정보에 따른 수거파기의 권고 기관에 한국소비자원을 포함하도록 함(안 제56조 및 제58조).
  바. 소비자분쟁조정을 지방에서도 효과적으로 수행하기 위해서 소비자분쟁조정위원회의 구성을 50인 이내로 확대함(안 제70조).
  사. 소비자단체소송제의 도입에 있어 엄격한 소송요건을 완화함으로써 피해자구제 요구에 부응하고, 소송요건에 소비자피해가 발생한 경우와 피해가 발생할 우려가 있는 경우에 소송을 제기할 수 있도록 하고, 확정판결로 인한 선의의 피해자가 발생하지 않도록 하고자 함(안 제79조·제83조 및 제85조).","김명자,김영주,문석호,민병두,박명광,박영선,송영길",재정경제위원회
박영선,69,171340,029911,모자보건법 일부개정법률안,의결,2005-02-03,2005-11-16,대안폐기,"■ 제안이유
 산후조리시설에서는 핵가족화와 맞벌이 가정의 증가 속에서 산모와 신생아의 건강회복 및 질병예방을 위하여 요양·급식 등 관련 서비스를 제공하고 있으나, 관계 법령에서 이를 관리하는 규정이 없어 심신이 불안정한 상태에 있는 산모와 신생아에게 생길 수 있는 위해를 예방하기 어려운 상황임.
  따라서 산후조리시설의 설치와 운영에 관한 신고제를 도입하고, 시설 및 인력기준을 정하여 국가 및 지방자치단체의 관리와 감독을 받도록 함으로써 산모와 신생아가 건강하게 가정으로 복귀할 수 있도록 하려는 것임.
■ 주요내용
  가. 산후조리시설을 설치·운영하고자 하는 자는 시장·군수·구청장에게 신고를 하도록 함(안 제14조의2 신설).
  나. 산후조리시설을 설치·운영하고자 하는 자는 보건복지부령이 정하는 설치기준을 갖추도록 함(안 제14조의3 신설).
  다. 산후조리시설을 설치·운영하는 자는 보건복지부령으로 정하는 배치기준에 따라 산후조리시설종사자를 두도록 함(안 제14조의5 신설).
  라. 산후조리시설종사자는 보건복지부령으로 정하는 바에 따라 건강진단을 받도록 함(안 제14조의6 신설).
  마. 보건복지부장관은 산후조리시설종사자의 자질향상 및 감염관리를 위한 보수교육을 실시하도록 함(안 제14조의7 신설).
  바. 산후조리시설을 설치·운영하는 자는 보건복지부령으로 정하는 운영기준에 따라 산후조리시설을 운영하도록 함(안 제14조의8 신설).
  사. 보건복지부장관 또는 시장·군수·구청장은 산후조리시설 설치·운영자 및 산후조리시설종사자에 대하여 필요한 지도와 명령을 할 수 있도록 함(안 제14조의10 신설).
  아. 보건복지부장관 또는 시장·군수·구청장은 산후조리시설을 설치·운영하는 자로 하여금 필요한 보고를 하게 하거나, 산후조리시설에 대하여 소속 공무원으로 하여금 운영상황을 조사하게 하거나, 장부 및 서류를 검사하게 할 수 있도록 함(안 제14조의11 신설).
  자. 보건복지부장관 또는 시장·군수·구청장은 산후조리시설의 장 또는 산후조리시설을 설치·운영하는 자가 시정 또는 변경명령을 위반한 때에는 1년 이내의 시설운영 정지를 명하거나 시설의 폐쇄를 명할 수 있도록 함(안 제14조의14 신설).","강기정,강혜숙,김명자,김선미,김영주,김춘진,민병두",보건복지위원회
박영선,69,171261,029712,국회의원(남경필) 징계안,의결,2005-01-05,2005-04-25,철회,"","박영선,,,,,,",윤리특별위원회
박영선,69,171176,029565,증권거래법중개정법률안,의결,2004-12-20,2005-12-08,대안폐기,"■ 제안이유
  최근 증권시장에서 미공개정보 이용행위, 시세조종행위 등 각종 불공정거래행위가 빈번하게 발생함으로써 선량한 투자자들이 막대한 손해를 보고 나아가 증권시장의 질서가 문란해지고 있으나 이를 규제할 법적 장치는 제대로 갖추어지지 않은 실정임.
  미국 및 일본 등은 각종 불공정거래행위를 포괄적으로 규제할 수 있는 포괄적 사기금지규정을 두고 있는 바, 그 일부를 우리 증권시장에도 적용하여 불공정행위에 대한 규제를 강화함으로써 증권시장의 투명성과 공정성을 강화해 증권시장의 발전을 도모하려는 것임.
■ 주요내용
  가. 2차 정보수령자도 미공개정보를 이용하여 유가증권의 매매거래 등을 하지 못하도록 함(안 제188조의2제1항).
  나. 유가증권의 매매거래와 관련하여 부정한 수단 또는 방법을 사용하여 타인을 기망(欺罔)하는 행위를 금지함(안 제188조의4제4항제3호 신설).
  다. 주식등의 대량보유상황 또는 그 변동내용의 보고시한을 5일 이내에서 3일 이내로 단축하고, 보고의무 위반자에 대한 처벌을 강화함(안 제200조의2제1항, 제207조의3제8호 신설).
  라. 미공개정보를 이용하거나 시세조종 등 불공정거래를 한 자에 대하여 그 위반행위로 얻은 이익 또는 회피한 손실액의 3배 이내의 과징금을 부과할 수 있도록 함(안 제206조의11제7항 신설).","권선택,김영춘,김현미,민병두,박영선,송영길,신학용",재정경제위원회
박영선,69,171013,029343,소비자생활협동조합법중개정법률안,의결,2004-12-01,2004-12-31,원안가결,"■ 제안이유
   지방자치시대에 맞게 지역의 다양한 소비자생활협동조합 활동을 촉진함으로서 지역주민의 복지향상을 도모할 수 있도록 설립인가 및 취소 등에 관한 사무를 시·도로 이양함.
■ 주요내용
  소비자생활협동조합의 설립인가 및 취소 등에 관한 사무를 재정경제부에서 시·도로 이양함.","권선택,김진표,민병두,박영선,송영길,윤호중,이광재",재정경제위원회
박영선,69,170562,028742,증권거래세법중개정법률안,의결,2004-10-05,2004-12-29,수정가결,"■ 제안이유
   증권거래세를 납부하지 아니한 경우 현재 미납부세액의 10%를 납부불성실가산세로 부과하고 있으나 증권거래세의 자발적인 신고·납부를 유도하기 위해 신고불성실가산세를 신설하고 납부불성실가산세는 미납일수에 따라 부과되도록 가산세제도를 합리적으로 개선하려는 것임.
■ 주요내용
 가. 증권거래세를 신고기한내에 신고하지 아니하거나 미달 신고한 경우 미신고세액의 10%에 상당하는 금액을 가산세로 부과함(안 제14조).
 나. 증권거래세를 납부기한내에 납부하지 아니하거나 미달 납부한 경우 미납일수에 따라 가산세를 부과함(안 제14조).","김영춘,김진표,김희선,박영선,송영길,엄호성,염동연",재정경제위원회
박영선,69,170292,028326,국회법중개정법률안,의결,2004-08-18,2008-05-29,임기만료폐기,"■ 제안이유
  국민의 대의기관인 국회의원의 의정활동에 대하여 일반 국민이 이를 정확히 파악하여 다음 선거 결과에 반영하는 것은 민주주의 선거제도의 핵심적인 내용임을 부인할 수 없음. 
  다만, 현실적으로 일반 국민은 의원 개개인의 입법활동에 대한 자료나 정보에의 접근이 어려운 사정으로 인하여 시민단체나 언론매체가 제공한 부정확한 자료를 토대로 입법활동을 평가할 수 밖에 없어 그 결과에 대한 신뢰 수준이 낮을 수 밖에 없는 실정임. 
  이에 따라 의원의 입법활동에 대한 지표가 되고 있는 회의 출석상황, 본회의 표결 참여 횟수, 법률안 발의 건수 및 발의된 법률안의 처리 건수를 개별 의원별로 연도 마다 작성하여 국회공보에 기재하도록 함으로써 일반 국민이 의원 개개인의 입법활동을 정확히 알 수 있도록 하려는 것임. 
■ 주요내용
  일반 국민이 의원 개개인의 입법활동을 정확히 알 수 있도록 의원의 연간 회의 출석 일수, 본회의 표결 참여 횟수, 법률안 발의 건수 및 국회에서 발의 법률안을 처리한 건수를 의원별로 작성하여 매년 2월 28일까지 국회공보에 기재하도록 함(안 제80조제3항 신설).","강기정,권선택,김영춘,김태년,노웅래,노현송,박영선",국회운영위원회
박영선,69,170196,028203,공직선거및선거부정방지법중개정법률안,의결,2004-07-15,2008-05-29,임기만료폐기,"■ 제안이유
   공직선거의 후보자는 후보자등록을 할 때에 조세납부실적을 제출하게 되어 있는데, 국민연금과 건강보험료는 이를 체납하였을 경우 국세체납처분의 예에 따라 강제로 징수하는 등 준조세적 성격을 갖고 있으므로, 국민연금과 건강보험료의 납부 및 체납실적도 제출하게 함으로써 후보자들의 조세 등의 납부의무이행에 대한 충실한 정보를 유권자들에게 제공하려는 것임. 
■ 주요내용
  공직선거의 후보자등록을 신청하는 자는 최근 5년간의 후보자, 그의 배우자와 직계존ㆍ비속의 소득세·재산세·종합토지세·국민연금·건강보험료의 납부 및 체납에 관한 증명서를 제출하도록 함(안 제49조제4항제4호 및 동조제13항3호).","강기정,김원웅,김형주,노웅래,노현송,류근찬,박영선",행정자치위원회
박영선,69,170176,028183,주식회사의외부감사에관한법률중개정법률안,의결,2004-07-13,2005-05-03,대안폐기,"■ 제안이유 
  현재 회사의 회계부정행위에 관한 내부고발을 활성화할 목적으로 회계부정행위의 신고자 또는 고지자에 대한 불이익한 대우금지 등을 내용으로 하는 내부고발자보호제도가 마련되어 있으나,
  회계부정행위를 신고 또는 고지한 결과 당해 회사로부터 불이익한 대우를 받은 내부고발자가 그에 따른 손해를 배상받기 위해서는 불법행위에 관한 일반원칙에 입각하여 당해 회사의 불이익한 대우가 있었음을 증명하여야 하는 등 내부고발자에 대한 보호가 아직 미흡한 실정이므로,
  그 입증책임에 대한 특별한 규정을 따로 두어 당해 회사로 하여금 불이익한 대우가 없었음을 증명하도록 하여 입증책임을 전환하도록 하는 한편 회계부정행위 신고를 활성화하기 위하여 포상금제도를 도입함으로써 내부고발자보호제도의 실효성을 제고하려는 것임.
■ 주요내용 
  가. 회사의 회계부정행위 신고자 또는 고지자에게 불이익한 대우를 한 회사와 임직원에게 연대손해배상책임을 부과함(안 제15조의3제4항 신설).
  나. 회사의 회계정보와 관련한 부정행위를 신고한 자에 대하여 포상금을 지급함(안 제15조의3제5항 신설).","강봉균,권선택,김명자,김진표,노웅래,노현송,박영선",재정경제위원회
박영선,69,170158,028164,국회기및국회배지등에관한규칙중개정규칙안,의결,2004-07-08,2008-05-29,임기만료폐기,"","강기갑,강기정,강창일,고진화,권경석,권선택,권영길",국회운영위원회
박영선,69,170152,028158,제248회국회(임시회)회기결정의건,의결,2004-07-08,2004-07-09,원안가결,"","강기갑,강기정,강창일,고진화,권경석,권선택,권영길",국회운영위원회
박영선,69,170148,028154,국회법중개정법률안,의결,2004-07-07,2008-05-29,임기만료폐기,"■ 제안이유
   국회 회의록에 기재하는 사항에 관한 규정에 따르면 위원회 회의록은 출석위원의 수 외에 위원의 성명까지 기재하도록 규정하고 있으나, 본회의 회의록은 출석한 의원의 성명을 제외할 아무런 이유가 없음에도 불구하고 출석의원의 수만 기재하도록 규정되어 있음. 실무에서도 출석의원의 수뿐만 아니라 출석의원의 성명도 회의록에 기재하고 있는바, 본회의 회의록에 대한 규정 중 성명에 대한 사항을 기재하도록 법적 근거를 부여함으로써 의정활동의 공개성 및 성실성을 제고하려는 것임.
■ 주요내용
  본회의 회의록에 출석의원의 수 외에 성명까지도 기재하도록 함(안 제115조제1항제3호).","김명자,김현미,민병두,박명광,박영선,송영길,안민석",국회운영위원회
박영선,69,170061,028056,남북교류협력에관한법률중개정법률안,의결,2004-06-18,2005-05-03,대안폐기,"■ 제안이유
   2000년 남북한의 정상이 역사적 6?15 남북공동선언을 발표한 후 남한과 북한은 사회?경제?군사적 교류에서 상당한 성과를 거두고 있음에도 불구하고, 교류활성화를 위한 법적 장치가 미비한 바 교역당사자의 물품의 반입?반출 및 협력사업에서 보다 활발한 교류를 보장하도록 통일부장관의 승인조항을 일부 신고조항으로 변경하고, 개성공단과 철도?도로 등의 건설을 위해서 수요가 많아진 건설장비를 수송장비에 포함하여 남북간 교류를 적극 지원하려는 것임. 
  또한 정부조직법의 개정으로 과거 ‘통일원’이 ‘통일부’로 바뀌었음에도 불구하고 본 법에 ‘통일원’으로 지속적으로 쓰이고 있어 이를 시정하려는 것임. 
■ 주요골자
 가. 다른 법률과의 관계에서 동법이 남북교류와 협력을 목적으로 하는 경우 우선 적용될 수 있도록 함(안 제3조). 
  나. 남한과 북한의 교역을 확대하기 위해서 일부 대통령령이 정하는 경우에 통일부장관이 교역당사자로 지정할 수 있도록 하여 교역 당사자를 확대하고, 남?북한간 물품의 반출?반입 및 협력사업에 대해 대통령령에서 지정하는 일부를 신고제로 전환하고자 함 (안 제12조, 제13조 및 제17조).
  다. 남?북한간의 물품의 반출?반입 또는 협력사업에 대
  라. 수송장비의 운행에 건설장비를 추가함(안 제20조).","김영주,김재윤,김진표,김혁규,김희선,민병두,박영선",통일외교통상위원회
